"Gene","Gene.symbol"
"ENSG00000161558","TMEM143"
"ENSG00000104812","GYS1"
"ENSG00000091640","SPAG7"
"ENSG00000165912","PACSIN3"
"ENSG00000165192","ASB11"
"ENSG00000109390","NDUFC1"
"ENSG00000163380","LMOD3"
"ENSG00000163827","LRRC2"
"ENSG00000138347","MYPN"
"ENSG00000164440","TXLNB"
"ENSG00000115593","SMYD1"
"ENSG00000073711","PPP2R3A"
"ENSG00000143164","DCAF6"
"ENSG00000079739","PGM1"
"ENSG00000186439","TRDN"
"ENSG00000154415","PPP1R3A"
"ENSG00000174429","ABRA"
"ENSG00000077522","ACTN2"
"ENSG00000106554","CHCHD3"
"ENSG00000122367","LDB3"
"ENSG00000146809","ASB15"
"ENSG00000160392","C19orf47"
"ENSG00000114854","TNNC1"
"ENSG00000187642","PERM1"
"ENSG00000163092","XIRP2"
"ENSG00000197893","NRAP"
"ENSG00000198125","MB"
"ENSG00000214097","SMCO1"
"ENSG00000140990","NDUFB10"
"ENSG00000082641","NFE2L1"
"ENSG00000169714","CNBP"
"ENSG00000009307","CSDE1"
"ENSG00000146701","MDH2"
"ENSG00000187715","KBTBD12"
"ENSG00000164708","PGAM2"
"ENSG00000165526","RPUSD4"
"ENSG00000161281","COX7A1"
"ENSG00000239388","ASB14"
"ENSG00000186432","KPNA4"
"ENSG00000108823","SGCA"
"ENSG00000140986","RPL3L"
"ENSG00000173991","TCAP"
"ENSG00000185100","ADSS1"
"ENSG00000155657","TTN"
"ENSG00000092054","MYH7"
"ENSG00000179262","RAD23A"
"ENSG00000029534","ANK1"
"ENSG00000099341","PSMD8"
"ENSG00000116981","NT5C1A"
"ENSG00000178104","PDE4DIP"
"ENSG00000084754","HADHA"
"ENSG00000182533","CAV3"
"ENSG00000267060","PTGES3L"
"ENSG00000163050","COQ8A"
"ENSG00000013563","DNASE1L1"
"ENSG00000171992","SYNPO"
"ENSG00000123240","OPTN"
"ENSG00000143028","SYPL2"
"ENSG00000101605","MYOM1"
"ENSG00000064726","BTBD1"
"ENSG00000111640","GAPDH"
"ENSG00000132155","RAF1"
"ENSG00000124701","APOBEC2"
"ENSG00000185437","SH3BGR"
"ENSG00000119929","CUTC"
"ENSG00000116906","GNPAT"
"ENSG00000175701","MTLN"
"ENSG00000185739","SRL"
"ENSG00000119938","PPP1R3C"
"ENSG00000100764","PSMC1"
"ENSG00000183785","TUBA8"
"ENSG00000165887","ANKRD2"
"ENSG00000170290","SLN"
"ENSG00000141965","FEM1A"
"ENSG00000072401","UBE2D1"
"ENSG00000170681","CAVIN4"
"ENSG00000112186","CAP2"
"ENSG00000198881","ASB12"
"ENSG00000167549","CORO6"
"ENSG00000183520","UTP11"
"ENSG00000058056","USP13"
"ENSG00000139842","CUL4A"
"ENSG00000171714","ANO5"
"ENSG00000174669","SLC29A2"
"ENSG00000162688","AGL"
"ENSG00000138100","TRIM54"
"ENSG00000159348","CYB5R1"
"ENSG00000239900","ADSL"
"ENSG00000141161","UNC45B"
"ENSG00000105048","TNNT1"
"ENSG00000114416","FXR1"
"ENSG00000206418","RAB12"
"ENSG00000177354","C10orf71"
"ENSG00000180329","CCDC43"
"ENSG00000183386","FHL3"
"ENSG00000185345","PRKN"
"ENSG00000163820","FYCO1"
"ENSG00000175946","KLHL38"
"ENSG00000115694","STK25"
"ENSG00000164068","RNF123"
"ENSG00000185482","STAC3"
"ENSG00000101247","NDUFAF5"
"ENSG00000175166","PSMD2"
"ENSG00000163833","FBXO40"
"ENSG00000171033","PKIA"
"ENSG00000239474","KLHL41"
"ENSG00000125414","MYH2"
"ENSG00000111046","MYF6"
"ENSG00000177791","MYOZ1"
"ENSG00000177981","ASB8"
"ENSG00000108515","ENO3"
"ENSG00000172731","LRRC20"
"ENSG00000132570","PCBD2"
"ENSG00000260914","AC026464.4"
"ENSG00000130695","CEP85"
"ENSG00000143549","TPM3"
"ENSG00000142661","MYOM3"
"ENSG00000091542","ALKBH5"
"ENSG00000168509","HJV"
"ENSG00000196091","MYBPC1"
"ENSG00000130957","FBP2"
"ENSG00000104879","CKM"
"ENSG00000143318","CASQ1"
"ENSG00000102753","KPNA3"
"ENSG00000186628","FSD2"
"ENSG00000170175","CHRNB1"
"ENSG00000122180","MYOG"
"ENSG00000136383","ALPK3"
"ENSG00000175564","UCP3"
"ENSG00000065518","NDUFB4"
"ENSG00000149925","ALDOA"
"ENSG00000104369","JPH1"
"ENSG00000068976","PYGM"
"ENSG00000163157","TMOD4"
"ENSG00000164776","PHKG1"
"ENSG00000070785","EIF2B3"
"ENSG00000167792","NDUFV1"
"ENSG00000165917","RAPSN"
"ENSG00000101892","ATP1B4"
"ENSG00000060138","YBX3"
"ENSG00000079393","DUSP13"
"ENSG00000022267","FHL1"
"ENSG00000169885","CALML6"
"ENSG00000160539","PLPP7"
"ENSG00000163110","PDLIM5"
"ENSG00000132463","GRSF1"
"ENSG00000106305","AIMP2"
"ENSG00000213619","NDUFS3"
"ENSG00000240045","STRIT1"
"ENSG00000111241","FGF6"
"ENSG00000110429","FBXO3"
"ENSG00000168530","MYL1"
"ENSG00000152556","PFKM"
"ENSG00000072954","TMEM38A"
"ENSG00000198842","STYXL2"
"ENSG00000174437","ATP2A2"
"ENSG00000198467","TPM2"
"ENSG00000110435","PDHX"
"ENSG00000100628","ASB2"
"ENSG00000157119","KLHL40"
"ENSG00000196535","MYO18A"
"ENSG00000156885","COX6A2"
"ENSG00000163684","RPP14"
"ENSG00000196296","ATP2A1"
"ENSG00000227877","MRLN"
"ENSG00000149743","TRPT1"
"ENSG00000255154","HTD2"
"ENSG00000088682","COQ9"
"ENSG00000108878","CACNG1"
"ENSG00000081248","CACNA1S"
"ENSG00000101182","PSMA7"
"ENSG00000125744","RTN2"
"ENSG00000181856","SLC2A4"
"ENSG00000116748","AMPD1"
"ENSG00000067191","CACNB1"
"ENSG00000196821","ILRUN"
"ENSG00000078618","NRDC"
"ENSG00000124743","KLHL31"
"ENSG00000007314","SCN4A"
"ENSG00000143434","SEMA6C"
"ENSG00000129744","ART1"
"ENSG00000154553","PDLIM3"
"ENSG00000092148","HECTD1"
"ENSG00000128591","FLNC"
"ENSG00000184343","SRPK3"
"ENSG00000162378","ZYG11B"
"ENSG00000145494","NDUFS6"
"ENSG00000108344","PSMD3"
"ENSG00000179091","CYC1"
"ENSG00000163995","ABLIM2"
"ENSG00000137198","GMPR"
"ENSG00000062582","MRPS24"
"ENSG00000179632","MAF1"
"ENSG00000122477","LRRC39"
"ENSG00000106992","AK1"
"ENSG00000100347","SAMM50"
"ENSG00000177479","ARIH2"
"ENSG00000130595","TNNT3"
"ENSG00000130560","UBAC1"
"ENSG00000188677","PARVB"
"ENSG00000130598","TNNI2"
"ENSG00000006576","PHTF2"
"ENSG00000163126","ANKRD23"
"ENSG00000213585","VDAC1"
"ENSG00000164591","MYOZ3"
"ENSG00000132388","UBE2G1"
"ENSG00000177752","YIPF7"
"ENSG00000188130","MAPK12"
"ENSG00000161896","IP6K3"
"ENSG00000136813","ECPAS"
"ENSG00000183571","PGPEP1L"
"ENSG00000112183","RBM24"
"ENSG00000111669","TPI1"
"ENSG00000004799","PDK4"
"ENSG00000170417","TMEM182"
"ENSG00000147123","NDUFB11"
"ENSG00000023228","NDUFS1"
"ENSG00000154358","OBSCN"
"ENSG00000256500","AL139300.1"
"ENSG00000137547","MRPL15"
"ENSG00000180992","MRPL14"
"ENSG00000180209","MYLPF"
"ENSG00000188176","SMTNL2"
"ENSG00000160050","CCDC28B"
"ENSG00000162614","NEXN"
"ENSG00000197321","SVIL"
"ENSG00000087884","AAMDC"
"ENSG00000187486","KCNJ11"
"ENSG00000234438","KBTBD13"
"ENSG00000130433","CACNG6"
"ENSG00000164122","ASB5"
"ENSG00000133454","MYO18B"
"ENSG00000156467","UQCRB"
"ENSG00000117479","SLC19A2"
"ENSG00000107758","PPP3CB"
"ENSG00000086967","MYBPC2"
"ENSG00000146926","ASB10"
"ENSG00000091482","SMPX"
"ENSG00000144644","GADL1"
"ENSG00000092607","TBX15"
"ENSG00000170242","USP47"
"ENSG00000167136","ENDOG"
"ENSG00000206422","LRRC30"
"ENSG00000102225","CDK16"
"ENSG00000133315","MACROD1"
"ENSG00000177238","TRIM72"
"ENSG00000214872","SMTNL1"
"ENSG00000145358","DDIT4L"
"ENSG00000121897","LIAS"
"ENSG00000183091","NEB"
"ENSG00000185271","KLHL33"
"ENSG00000144712","CAND2"
"ENSG00000170162","VGLL2"
"ENSG00000135972","MRPS9"
"ENSG00000096080","MRPS18A"
"ENSG00000119048","UBE2B"
"ENSG00000103035","PSMD7"
"ENSG00000125166","GOT2"
"ENSG00000158022","TRIM63"
"ENSG00000004776","HSPB6"
"ENSG00000101470","TNNC2"
"ENSG00000104848","KCNA7"
"ENSG00000120729","MYOT"
"ENSG00000115840","SLC25A12"
"ENSG00000106993","CDC37L1"
"ENSG00000159173","TNNI1"
"ENSG00000078668","VDAC3"
"ENSG00000115592","PRKAG3"
"ENSG00000135932","CAB39"
"ENSG00000180228","PRKRA"
"ENSG00000101019","UQCC1"
"ENSG00000132429","POPDC3"
"ENSG00000081189","MEF2C"
"ENSG00000075415","SLC25A3"
"ENSG00000163754","GYG1"
"ENSG00000228672","PROB1"
"ENSG00000135447","PPP1R1A"
"ENSG00000116898","MRPS15"
"ENSG00000248713","C4orf54"
"ENSG00000114062","UBE3A"
"ENSG00000070371","CLTCL1"
"ENSG00000185028","LRRC14B"
"ENSG00000178127","NDUFV2"
"ENSG00000188037","CLCN1"
"ENSG00000135766","EGLN1"
"ENSG00000146054","TRIM7"
"ENSG00000160299","PCNT"
"ENSG00000079785","DDX1"
"ENSG00000181016","LSMEM1"
"ENSG00000144596","GRIP2"
"ENSG00000166135","HIF1AN"
"ENSG00000132953","XPO4"
"ENSG00000138768","USO1"
"ENSG00000256053","COA8"
"ENSG00000172046","USP19"
"ENSG00000104131","EIF3J"
"ENSG00000165410","CFL2"
"ENSG00000160818","GPATCH4"
"ENSG00000182446","NPLOC4"
"ENSG00000173614","NMNAT1"
"ENSG00000136521","NDUFB5"
"ENSG00000164967","RPP25L"
"ENSG00000102683","SGCG"
"ENSG00000069869","NEDD4"
"ENSG00000127325","BEST3"
"ENSG00000146147","MLIP"
"ENSG00000136270","TBRG4"
"ENSG00000184544","DHRS7C"
"ENSG00000010256","UQCRC1"
"ENSG00000136842","TMOD1"
"ENSG00000108671","PSMD11"
"ENSG00000185105","MYADML2"
"ENSG00000156219","ART3"
"ENSG00000105953","OGDH"
"ENSG00000169021","UQCRFS1"
"ENSG00000110871","COQ5"
"ENSG00000168291","PDHB"
"ENSG00000164258","NDUFS4"
"ENSG00000067177","PHKA1"
"ENSG00000146729","NIPSNAP2"
"ENSG00000138663","COPS4"
"ENSG00000166289","PLEKHF1"
"ENSG00000048544","MRPS10"
"ENSG00000164879","CA3"
"ENSG00000107859","PITX3"
"ENSG00000182054","IDH2"
"ENSG00000112782","CLIC5"
"ENSG00000114030","KPNA1"
"ENSG00000138029","HADHB"
"ENSG00000062485","CS"
"ENSG00000170745","KCNS3"
"ENSG00000126602","TRAP1"
"ENSG00000185267","CDNF"
"ENSG00000184058","TBX1"
"ENSG00000105808","RASA4"
"ENSG00000267318","AC005702.1"
"ENSG00000134324","LPIN1"
"ENSG00000181929","PRKAG1"
"ENSG00000067225","PKM"
"ENSG00000136717","BIN1"
"ENSG00000125445","MRPS7"
"ENSG00000175826","CTDNEP1"
"ENSG00000224982","TMEM233"
"ENSG00000143632","ACTA1"
"ENSG00000173692","PSMD1"
"ENSG00000108825","PTGES3L-AARSD1"
"ENSG00000004142","POLDIP2"
"ENSG00000170807","LMOD2"
"ENSG00000161664","ASB16"
"ENSG00000147684","NDUFB9"
"ENSG00000165280","VCP"
"ENSG00000182606","TRAK1"
"ENSG00000101365","IDH3B"
"ENSG00000071282","LMCD1"
"ENSG00000133878","DUSP26"
"ENSG00000196218","RYR1"
"ENSG00000136143","SUCLA2"
"ENSG00000163319","MRPS18C"
"ENSG00000054654","SYNE2"
"ENSG00000006695","COX10"
"ENSG00000164896","FASTK"
"ENSG00000144357","UBR3"
"ENSG00000105393","BABAM1"
"ENSG00000115286","NDUFS7"
"ENSG00000165028","NIPSNAP3B"
"ENSG00000116459","ATP5PB"
"ENSG00000103994","ZNF106"
"ENSG00000165264","NDUFB6"
"ENSG00000104980","TIMM44"
"ENSG00000095209","TMEM38B"
"ENSG00000121851","POLR3GL"
"ENSG00000133055","MYBPH"
"ENSG00000171161","ZNF672"
"ENSG00000164309","CMYA5"
"ENSG00000167862","MRPL58"
"ENSG00000240654","C1QTNF9"
"ENSG00000138162","TACC2"
"ENSG00000188716","DUSP29"
"ENSG00000101210","EEF1A2"
"ENSG00000169184","MN1"
"ENSG00000118804","STBD1"
"ENSG00000121579","NAA50"
"ENSG00000158571","PFKFB1"
"ENSG00000136261","BZW2"
"ENSG00000137831","UACA"
"ENSG00000142453","CARM1"
"ENSG00000165775","FUNDC2"
"ENSG00000156253","RWDD2B"
"ENSG00000131174","COX7B"
"ENSG00000116221","MRPL37"
"ENSG00000040341","STAU2"
"ENSG00000166266","CUL5"
"ENSG00000198624","CCDC69"
"ENSG00000004961","HCCS"
"ENSG00000130005","GAMT"
"ENSG00000188807","TMEM201"
"ENSG00000065675","PRKCQ"
"ENSG00000169599","NFU1"
"ENSG00000204316","MRPL38"
"ENSG00000168427","KLHL30"
"ENSG00000175606","TMEM70"
"ENSG00000116688","MFN2"
"ENSG00000274180","NATD1"
"ENSG00000178741","COX5A"
"ENSG00000119013","NDUFB3"
"ENSG00000184787","UBE2G2"
"ENSG00000175262","C1orf127"
"ENSG00000162413","KLHL21"
"ENSG00000127184","COX7C"
"ENSG00000139180","NDUFA9"
"ENSG00000111245","MYL2"
"ENSG00000161057","PSMC2"
"ENSG00000158864","NDUFS2"
"ENSG00000197905","TEAD4"
"ENSG00000198546","ZNF511"
"ENSG00000184185","KCNJ12"
"ENSG00000112425","EPM2A"
"ENSG00000135469","COQ10A"
"ENSG00000179922","ZNF784"
"ENSG00000137177","KIF13A"
"ENSG00000006757","PNPLA4"
"ENSG00000072778","ACADVL"
"ENSG00000099957","P2RX6"
"ENSG00000176087","SLC35A4"
"ENSG00000213171","LINGO4"
"ENSG00000156265","MAP3K7CL"
"ENSG00000168333","PPDPFL"
"ENSG00000065978","YBX1"
"ENSG00000174032","SLC25A30"
"ENSG00000167863","ATP5PD"
"ENSG00000164654","MIOS"
"ENSG00000169288","MRPL1"
"ENSG00000145743","FBXL17"
"ENSG00000155313","USP25"
"ENSG00000165283","STOML2"
"ENSG00000143612","C1orf43"
"ENSG00000138435","CHRNA1"
"ENSG00000272573","MUSTN1"
"ENSG00000084090","STARD7"
"ENSG00000141905","NFIC"
"ENSG00000130159","ECSIT"
"ENSG00000163412","EIF4E3"
"ENSG00000167721","TSR1"
"ENSG00000067533","RRP15"
"ENSG00000102893","PHKB"
"ENSG00000140416","TPM1"
"ENSG00000105197","TIMM50"
"ENSG00000146066","HIGD2A"
"ENSG00000132768","DPH2"
"ENSG00000170276","HSPB2"
"ENSG00000205339","IPO7"
"ENSG00000091732","ZC3HC1"
"ENSG00000162494","LRRC38"
"ENSG00000080546","SESN1"
"ENSG00000119487","MAPKAP1"
"ENSG00000124532","MRS2"
"ENSG00000129152","MYOD1"
"ENSG00000096060","FKBP5"
"ENSG00000075702","WDR62"
"ENSG00000107263","RAPGEF1"
"ENSG00000105401","CDC37"
"ENSG00000068878","PSME4"
"ENSG00000141526","SLC16A3"
"ENSG00000198925","ATG9A"
"ENSG00000176909","MAMSTR"
"ENSG00000068024","HDAC4"
"ENSG00000135636","DYSF"
"ENSG00000117118","SDHB"
"ENSG00000121057","AKAP1"
"ENSG00000152234","ATP5F1A"
"ENSG00000167186","COQ7"
"ENSG00000156804","FBXO32"
"ENSG00000114867","EIF4G1"
"ENSG00000009335","UBE3C"
"ENSG00000182180","MRPS16"
"ENSG00000155463","OXA1L"
"ENSG00000186051","TAL2"
"ENSG00000135902","CHRND"
"ENSG00000132716","DCAF8"
"ENSG00000204219","TCEA3"
"ENSG00000174547","MRPL11"
"ENSG00000112339","HBS1L"
"ENSG00000130764","LRRC47"
"ENSG00000127774","EMC6"
"ENSG00000101306","MYLK2"
"ENSG00000110955","ATP5F1B"
"ENSG00000133112","TPT1"
"ENSG00000103353","UBFD1"
"ENSG00000104823","ECH1"
"ENSG00000072062","PRKACA"
"ENSG00000145391","SETD7"
"ENSG00000092203","TOX4"
"ENSG00000165637","VDAC2"
"ENSG00000178952","TUFM"
"ENSG00000170185","USP38"
"ENSG00000204568","MRPS18B"
"ENSG00000180182","MED14"
"ENSG00000150401","DCUN1D2"
"ENSG00000126777","KTN1"
"ENSG00000127824","TUBA4A"
"ENSG00000196792","STRN3"
"ENSG00000162520","SYNC"
"ENSG00000065427","KARS1"
"ENSG00000090263","MRPS33"
"ENSG00000148334","PTGES2"
"ENSG00000100284","TOM1"
"ENSG00000255112","CHMP1B"
"ENSG00000162461","SLC25A34"
"ENSG00000132612","VPS4A"
"ENSG00000170667","RASA4B"
"ENSG00000136404","TM6SF1"
"ENSG00000166592","RRAD"
"ENSG00000103423","DNAJA3"
"ENSG00000185669","SNAI3"
"ENSG00000274523","RCC1L"
"ENSG00000111832","RWDD1"
"ENSG00000091436","MAP3K20"
"ENSG00000138136","LBX1"
"ENSG00000108861","DUSP3"
"ENSG00000114738","MAPKAPK3"
"ENSG00000144674","GOLGA4"
"ENSG00000132305","IMMT"
"ENSG00000168872","DDX19A"
"ENSG00000126457","PRMT1"
"ENSG00000172403","SYNPO2"
"ENSG00000112992","NNT"
"ENSG00000166025","AMOTL1"
"ENSG00000167476","JSRP1"
"ENSG00000075785","RAB7A"
"ENSG00000183628","DGCR6"
"ENSG00000134020","PEBP4"
"ENSG00000178307","TMEM11"
"ENSG00000148377","IDI2"
"ENSG00000160097","FNDC5"
"ENSG00000102178","UBL4A"
"ENSG00000103932","RPAP1"
"ENSG00000139977","NAA30"
"ENSG00000143374","TARS2"
"ENSG00000214717","ZBED1"
"ENSG00000140740","UQCRC2"
"ENSG00000185414","MRPL30"
"ENSG00000100412","ACO2"
"ENSG00000085377","PREP"
"ENSG00000151148","UBE3B"
"ENSG00000133983","COX16"
"ENSG00000150768","DLAT"
"ENSG00000112651","MRPL2"
"ENSG00000196811","CHRNG"
"ENSG00000106244","PDAP1"
"ENSG00000182676","PPP1R27"
"ENSG00000184752","NDUFA12"
"ENSG00000088888","MAVS"
"ENSG00000160194","NDUFV3"
"ENSG00000129245","FXR2"
"ENSG00000175110","MRPS22"
"ENSG00000175084","DES"
"ENSG00000185915","KLHL34"
"ENSG00000086015","MAST2"
"ENSG00000160808","MYL3"
"ENSG00000070540","WIPI1"
"ENSG00000176340","COX8A"
"ENSG00000130779","CLIP1"
"ENSG00000136682","CBWD2"
"ENSG00000142507","PSMB6"
"ENSG00000058600","POLR3E"
"ENSG00000138095","LRPPRC"
"ENSG00000100442","FKBP3"
"ENSG00000130347","RTN4IP1"
"ENSG00000178209","PLEC"
"ENSG00000147853","AK3"
"ENSG00000153956","CACNA2D1"
"ENSG00000108528","SLC25A11"
"ENSG00000198796","ALPK2"
"ENSG00000165916","PSMC3"
"ENSG00000135940","COX5B"
"ENSG00000147124","ZNF41"
"ENSG00000185973","TMLHE"
"ENSG00000131730","CKMT2"
"ENSG00000131269","ABCB7"
"ENSG00000128313","APOL5"
"ENSG00000160783","PMF1"
"ENSG00000213965","NUDT19"
"ENSG00000141385","AFG3L2"
"ENSG00000033050","ABCF2"
"ENSG00000151806","GUF1"
"ENSG00000144741","SLC25A26"
"ENSG00000107404","DVL1"
"ENSG00000171421","MRPL36"
"ENSG00000177731","FLII"
"ENSG00000158828","PINK1"
"ENSG00000178982","EIF3K"
"ENSG00000164209","SLC25A46"
"ENSG00000177150","FAM210A"
"ENSG00000091140","DLD"
"ENSG00000183621","ZNF438"
"ENSG00000248746","ACTN3"
"ENSG00000048028","USP28"
"ENSG00000166343","MSS51"
"ENSG00000265491","RNF115"
"ENSG00000112276","BVES"
"ENSG00000036448","MYOM2"
"ENSG00000181817","LSM10"
"ENSG00000022840","RNF10"
"ENSG00000099875","MKNK2"
"ENSG00000109061","MYH1"
"ENSG00000182759","MAFA"
"ENSG00000103051","COG4"
"ENSG00000070182","SPTB"
"ENSG00000166407","LMO1"
"ENSG00000154153","RETREG1"
"ENSG00000099968","BCL2L13"
"ENSG00000184076","UQCR10"
"ENSG00000288646","AL031178.2"
"ENSG00000288654","AC119733.1"
"ENSG00000232196","MTRNR2L4"
"ENSG00000264424","MYH4"
"ENSG00000173153","ESRRA"
"ENSG00000204505","PRAMEF9"
"ENSG00000162409","PRKAA2"
"ENSG00000180758","GPR157"
"ENSG00000131791","PRKAB2"
"ENSG00000105711","SCN1B"
"ENSG00000166317","SYNPO2L"
"ENSG00000123124","WWP1"
"ENSG00000286095","SPEGNB"
"ENSG00000175591","P2RY2"
"ENSG00000169564","PCBP1"
"ENSG00000116871","MAP7D1"
"ENSG00000267855","NDUFA7"
"ENSG00000153531","ADPRHL1"
"ENSG00000135424","ITGA7"
"ENSG00000131828","PDHA1"
"ENSG00000111049","MYF5"
"ENSG00000172159","FRMD3"
"ENSG00000129749","CHRNA10"
"ENSG00000116604","MEF2D"
"ENSG00000170624","SGCD"
"ENSG00000107831","FGF8"
"ENSG00000104946","TBC1D17"
"ENSG00000155115","GTF3C6"
"ENSG00000132300","PTCD3"
"ENSG00000130706","ADRM1"
"ENSG00000117625","RCOR3"
"ENSG00000196850","PPTC7"
"ENSG00000178821","TMEM52"
"ENSG00000150779","TIMM8B"
"ENSG00000213639","PPP1CB"
"ENSG00000188026","RILPL1"
"ENSG00000133943","DGLUCY"
"ENSG00000161011","SQSTM1"
"ENSG00000095321","CRAT"
"ENSG00000072422","RHOBTB1"
"ENSG00000025800","KPNA6"
"ENSG00000005882","PDK2"
"ENSG00000073578","SDHA"
"ENSG00000145191","EIF2B5"
"ENSG00000204634","TBC1D8"
"ENSG00000130414","NDUFA10"
"ENSG00000160124","CCDC58"
"ENSG00000070159","PTPN3"
"ENSG00000197081","IGF2R"
"ENSG00000163395","IGFN1"
"ENSG00000139914","FITM1"
"ENSG00000166938","DIS3L"
"ENSG00000126778","SIX1"
"ENSG00000136861","CDK5RAP2"
"ENSG00000196465","MYL6B"
"ENSG00000169957","ZNF768"
"ENSG00000141564","RPTOR"
"ENSG00000138430","OLA1"
"ENSG00000112096","SOD2"
"ENSG00000116288","PARK7"
"ENSG00000145919","BOD1"
"ENSG00000122068","FYTTD1"
"ENSG00000186367","MINAR2"
"ENSG00000197375","SLC22A5"
"ENSG00000144306","SCRN3"
"ENSG00000149089","APIP"
"ENSG00000154723","ATP5PF"
"ENSG00000141030","COPS3"
"ENSG00000105220","GPI"
"ENSG00000152642","GPD1L"
"ENSG00000125656","CLPP"
"ENSG00000137094","DNAJB5"
"ENSG00000008441","NFIX"
"ENSG00000155008","APOOL"
"ENSG00000144909","OSBPL11"
"ENSG00000121022","COPS5"
"ENSG00000172239","PAIP1"
"ENSG00000087263","OGFOD1"
"ENSG00000138379","MSTN"
"ENSG00000156990","RPUSD3"
"ENSG00000101266","CSNK2A1"
"ENSG00000204152","TIMM23B"
"ENSG00000180818","HOXC10"
"ENSG00000135390","ATP5MC2"
"ENSG00000023734","STRAP"
"ENSG00000102763","VWA8"
"ENSG00000243147","MRPL33"
"ENSG00000180104","EXOC3"
"ENSG00000127540","UQCR11"
"ENSG00000189227","C15orf61"
"ENSG00000107372","ZFAND5"
"ENSG00000159199","ATP5MC1"
"ENSG00000184887","BTBD6"
"ENSG00000126249","PDCD2L"
"ENSG00000069998","HDHD5"
"ENSG00000111911","HINT3"
"ENSG00000079156","OSBPL6"
"ENSG00000005075","POLR2J"
"ENSG00000107262","BAG1"
"ENSG00000119414","PPP6C"
"ENSG00000166295","ANAPC16"
"ENSG00000143575","HAX1"
"ENSG00000187193","MT1X"
"ENSG00000241837","ATP5PO"
"ENSG00000106603","COA1"
"ENSG00000232388","SMIM26"
"ENSG00000286143","AC053503.6"
"ENSG00000173085","COQ2"
"ENSG00000259066","AL110118.1"
"ENSG00000107954","NEURL1"
"ENSG00000152137","HSPB8"
"ENSG00000119471","HSDL2"
"ENSG00000185104","FAF1"
"ENSG00000164900","GBX1"
"ENSG00000196182","STK40"
"ENSG00000105204","DYRK1B"
"ENSG00000120549","KIAA1217"
"ENSG00000165733","BMS1"
"ENSG00000240857","RDH14"
"ENSG00000066136","NFYC"
"ENSG00000176407","KCMF1"
"ENSG00000036672","USP2"
"ENSG00000173011","TADA2B"
"ENSG00000114480","GBE1"
"ENSG00000170035","UBE2E3"
"ENSG00000163166","IWS1"
"ENSG00000167393","PPP2R3B"
"ENSG00000197345","MRPL21"
"ENSG00000163607","GTPBP8"
"ENSG00000151729","SLC25A4"
"ENSG00000269955","FMC1-LUC7L2"
"ENSG00000135624","CCT7"
"ENSG00000020426","MNAT1"
"ENSG00000124523","SIRT5"
"ENSG00000120688","WBP4"
"ENSG00000198898","CAPZA2"
"ENSG00000163069","SGCB"
"ENSG00000178397","FAM220A"
"ENSG00000112319","EYA4"
"ENSG00000108094","CUL2"
"ENSG00000116667","C1orf21"
"ENSG00000250479","CHCHD10"
"ENSG00000173812","EIF1"
"ENSG00000130528","HRC"
"ENSG00000119689","DLST"
"ENSG00000137038","DMAC1"
"ENSG00000117054","ACADM"
"ENSG00000004779","NDUFAB1"
"ENSG00000129910","CDH15"
"ENSG00000237190","CDKN2AIPNL"
"ENSG00000166411","IDH3A"
"ENSG00000265354","TIMM23"
"ENSG00000142784","WDTC1"
"ENSG00000158796","DEDD"
"ENSG00000143436","MRPL9"
"ENSG00000128463","EMC4"
"ENSG00000137806","NDUFAF1"
"ENSG00000149596","JPH2"
"ENSG00000196275","GTF2IRD2"
"ENSG00000099624","ATP5F1D"
"ENSG00000173641","HSPB7"
"ENSG00000183576","SETD3"
"ENSG00000186687","LYRM7"
"ENSG00000184489","PTP4A3"
"ENSG00000067829","IDH3G"
"ENSG00000173442","EHBP1L1"
"ENSG00000134905","CARS2"
"ENSG00000108953","YWHAE"
"ENSG00000103264","FBXO31"
"ENSG00000213889","PPM1N"
"ENSG00000259494","MRPL46"
"ENSG00000144815","NXPE3"
"ENSG00000203705","TATDN3"
"ENSG00000019995","ZRANB1"
"ENSG00000173221","GLRX"
"ENSG00000172115","CYCS"
"ENSG00000125818","PSMF1"
"ENSG00000117640","MTFR1L"
"ENSG00000151366","NDUFC2"
"ENSG00000164919","COX6C"
"ENSG00000126091","ST3GAL3"
"ENSG00000183605","SFXN4"
"ENSG00000135018","UBQLN1"
"ENSG00000054118","THRAP3"
"ENSG00000100519","PSMC6"
"ENSG00000138796","HADH"
"ENSG00000025039","RRAGD"
"ENSG00000135617","PRADC1"
"ENSG00000008838","MED24"
"ENSG00000198574","SH2D1B"
"ENSG00000162104","ADCY9"
"ENSG00000163528","CHCHD4"
"ENSG00000132522","GPS2"
"ENSG00000170860","LSM3"
"ENSG00000099795","NDUFB7"
"ENSG00000184203","PPP1R2"
"ENSG00000159210","SNF8"
"ENSG00000131069","ACSS2"
"ENSG00000126524","SBDS"
"ENSG00000182512","GLRX5"
"ENSG00000078061","ARAF"
"ENSG00000076242","MLH1"
"ENSG00000176108","CHMP6"
"ENSG00000154174","TOMM70"
"ENSG00000100485","SOS2"
"ENSG00000164062","APEH"
"ENSG00000157500","APPL1"
"ENSG00000248098","BCKDHA"
"ENSG00000121671","CRY2"
"ENSG00000184220","CMSS1"
"ENSG00000205560","CPT1B"
"ENSG00000134375","TIMM17A"
"ENSG00000108788","MLX"
"ENSG00000156381","ANKRD9"
"ENSG00000156502","SUPV3L1"
"ENSG00000142864","SERBP1"
"ENSG00000136463","TACO1"
"ENSG00000167930","FAM234A"
"ENSG00000119729","RHOQ"
"ENSG00000204954","C12orf73"
"ENSG00000160999","SH2B2"
"ENSG00000112996","MRPS30"
"ENSG00000085760","MTIF2"
"ENSG00000132423","COQ3"
"ENSG00000090621","PABPC4"
"ENSG00000120053","GOT1"
"ENSG00000146731","CCT6A"
"ENSG00000100104","SRRD"
"ENSG00000138629","UBL7"
"ENSG00000113013","HSPA9"
"ENSG00000089163","SIRT4"
"ENSG00000138381","ASNSD1"
"ENSG00000103066","PLA2G15"
"ENSG00000171861","MRM3"
"ENSG00000113916","BCL6"
"ENSG00000169016","E2F6"
"ENSG00000106153","CHCHD2"
"ENSG00000160075","SSU72"
"ENSG00000109171","SLAIN2"
"ENSG00000186335","SLC36A2"
"ENSG00000127252","PLAAT1"
"ENSG00000101084","RAB5IF"
"ENSG00000222011","FAM185A"
"ENSG00000154518","ATP5MC3"
"ENSG00000187079","TEAD1"
"ENSG00000162377","COA7"
"ENSG00000173065","FAM222B"
"ENSG00000119446","RBM18"
"ENSG00000165678","GHITM"
"ENSG00000254772","EEF1G"
"ENSG00000160712","IL6R"
"ENSG00000148335","NTMT1"
"ENSG00000102313","ITIH6"
"ENSG00000278817","AC007325.4"
"ENSG00000105185","PDCD5"
"ENSG00000123297","TSFM"
"ENSG00000198612","COPS8"
"ENSG00000137571","SLCO5A1"
"ENSG00000182196","ARL6IP4"
"ENSG00000101608","MYL12A"
"ENSG00000143365","RORC"
"ENSG00000104936","DMPK"
"ENSG00000176623","RMDN1"
"ENSG00000085721","RRN3"
"ENSG00000177427","MIEF2"
"ENSG00000100028","SNRPD3"
"ENSG00000285025","AL022312.1"
"ENSG00000107959","PITRM1"
"ENSG00000174611","KY"
"ENSG00000102030","NAA10"
"ENSG00000109971","HSPA8"
"ENSG00000163374","YY1AP1"
"ENSG00000138463","SLC49A4"
"ENSG00000248919","ATP5MF-PTCD1"
"ENSG00000182177","ASB18"
"ENSG00000134253","TRIM45"
"ENSG00000174953","DHX36"
"ENSG00000156639","ZFAND3"
"ENSG00000262814","MRPL12"
"ENSG00000164405","UQCRQ"
"ENSG00000140939","NOL3"
"ENSG00000142675","CNKSR1"
"ENSG00000166716","ZNF592"
"ENSG00000116237","ICMT"
"ENSG00000128609","NDUFA5"
"ENSG00000160678","S100A1"
"ENSG00000217930","PAM16"
"ENSG00000090266","NDUFB2"
"ENSG00000137055","PLAA"
"ENSG00000160679","CHTOP"
"ENSG00000084733","RAB10"
"ENSG00000091483","FH"
"ENSG00000168827","GFM1"
"ENSG00000155792","DEPTOR"
"ENSG00000102144","PGK1"
"ENSG00000048162","NOP16"
"ENSG00000147586","MRPS28"
"ENSG00000025293","PHF20"
"ENSG00000075826","SEC31B"
"ENSG00000175984","DENND2C"
"ENSG00000118407","FILIP1"
"ENSG00000106344","RBM28"
"ENSG00000113048","MRPS27"
"ENSG00000247596","TWF2"
"ENSG00000132676","DAP3"
"ENSG00000123472","ATPAF1"
"ENSG00000189043","NDUFA4"
"ENSG00000124380","SNRNP27"
"ENSG00000258289","CHURC1"
"ENSG00000148187","MRRF"
"ENSG00000115295","CLIP4"
"ENSG00000138382","METTL5"
"ENSG00000178449","COX14"
"ENSG00000184983","NDUFA6"
"ENSG00000125843","AP5S1"
"ENSG00000125878","TCF15"
"ENSG00000125733","TRIP10"
"ENSG00000119318","RAD23B"
"ENSG00000109906","ZBTB16"
"ENSG00000140043","PTGR2"
"ENSG00000011638","TMEM159"
"ENSG00000124486","USP9X"
"ENSG00000141568","FOXK2"
"ENSG00000204673","AKT1S1"
"ENSG00000127922","SEM1"
"ENSG00000198692","EIF1AY"
"ENSG00000165516","KLHDC2"
"ENSG00000119723","COQ6"
"ENSG00000243056","EIF4EBP3"
"ENSG00000014919","COX15"
"ENSG00000124275","MTRR"
"ENSG00000273049","AC012531.3"
"ENSG00000101557","USP14"
"ENSG00000168256","NKIRAS2"
"ENSG00000115221","ITGB6"
"ENSG00000138495","COX17"
"ENSG00000113558","SKP1"
"ENSG00000116353","MECR"
"ENSG00000111231","GPN3"
"ENSG00000115233","PSMD14"
"ENSG00000150991","UBC"
"ENSG00000115211","EIF2B4"
"ENSG00000130312","MRPL34"
"ENSG00000097033","SH3GLB1"
"ENSG00000154079","SDHAF4"
"ENSG00000009780","FAM76A"
"ENSG00000006704","GTF2IRD1"
"ENSG00000261236","BOP1"
"ENSG00000205981","DNAJC19"
"ENSG00000168612","ZSWIM1"
"ENSG00000145949","MYLK4"
"ENSG00000165629","ATP5F1C"
"ENSG00000173402","DAG1"
"ENSG00000141279","NPEPPS"
"ENSG00000162852","CNST"
"ENSG00000160294","MCM3AP"
"ENSG00000140374","ETFA"
"ENSG00000149474","KAT14"
"ENSG00000184838","PRR16"
"ENSG00000147576","ADHFE1"
"ENSG00000168288","MMADHC"
"ENSG00000135930","EIF4E2"
"ENSG00000105341","DMAC2"
"ENSG00000116120","FARSB"
"ENSG00000114125","RNF7"
"ENSG00000215251","FASTKD5"
"ENSG00000169727","GPS1"
"ENSG00000244754","N4BP2L2"
"ENSG00000135723","FHOD1"
"ENSG00000117592","PRDX6"
"ENSG00000214022","REPIN1"
"ENSG00000285292","ABCF2-H2BE1"
"ENSG00000181873","IBA57"
"ENSG00000169087","HSPBAP1"
"ENSG00000163170","BOLA3"
"ENSG00000272414","FAM47E-STBD1"
"ENSG00000104221","BRF2"
"ENSG00000152700","SAR1B"
"ENSG00000103064","SLC7A6"
"ENSG00000134333","LDHA"
"ENSG00000159208","CIART"
"ENSG00000166855","CLPX"
"ENSG00000173960","UBXN2A"
"ENSG00000174903","RAB1B"
"ENSG00000167632","TRAPPC9"
"ENSG00000107537","PHYH"
"ENSG00000141076","UTP4"
"ENSG00000141298","SSH2"
"ENSG00000132819","RBM38"
"ENSG00000198471","RTP2"
"ENSG00000136718","IMP4"
"ENSG00000082516","GEMIN5"
"ENSG00000171202","TMEM126A"
"ENSG00000164164","OTUD4"
"ENSG00000007923","DNAJC11"
"ENSG00000130811","EIF3G"
"ENSG00000162878","PKDCC"
"ENSG00000116918","TSNAX"
"ENSG00000110717","NDUFS8"
"ENSG00000055070","SZRD1"
"ENSG00000214194","SMIM30"
"ENSG00000185532","PRKG1"
"ENSG00000186666","BCDIN3D"
"ENSG00000185019","UBOX5"
"ENSG00000198695","MT-ND6"
"ENSG00000145901","TNIP1"
"ENSG00000142599","RERE"
"ENSG00000126581","BECN1"
"ENSG00000136930","PSMB7"
"ENSG00000138138","ATAD1"
"ENSG00000198815","FOXJ3"
"ENSG00000147912","FBXO10"
"ENSG00000121073","SLC35B1"
"ENSG00000187778","MCRS1"
"ENSG00000139350","NEDD1"
"ENSG00000149657","LSM14B"
"ENSG00000011485","PPP5C"
"ENSG00000167283","ATP5MG"
"ENSG00000171953","ATPAF2"
"ENSG00000086102","NFX1"
"ENSG00000136111","TBC1D4"
"ENSG00000256060","TRAPPC2B"
"ENSG00000180891","CUEDC1"
"ENSG00000104388","RAB2A"
"ENSG00000156928","MALSU1"
"ENSG00000118246","FASTKD2"
"ENSG00000130939","UBE4B"
"ENSG00000120942","UBIAD1"
"ENSG00000087995","METTL2A"
"ENSG00000103150","MLYCD"
"ENSG00000170577","SIX2"
"ENSG00000169570","DTWD2"
"ENSG00000139990","DCAF5"
"ENSG00000128731","HERC2"
"ENSG00000168883","USP39"
"ENSG00000089154","GCN1"
"ENSG00000159259","CHAF1B"
"ENSG00000089250","NOS1"
"ENSG00000157510","AFAP1L1"
"ENSG00000175595","ERCC4"
"ENSG00000049883","PTCD2"
"ENSG00000169756","LIMS1"
"ENSG00000166902","MRPL16"
"ENSG00000280071","GATD3B"
"ENSG00000184857","TMEM186"
"ENSG00000089101","CFAP61"
"ENSG00000183779","ZNF703"
"ENSG00000184110","EIF3C"
"ENSG00000188549","CCDC9B"
"ENSG00000168899","VAMP5"
"ENSG00000227268","KLLN"
"ENSG00000112561","TFEB"
"ENSG00000204370","SDHD"
"ENSG00000131558","EXOC4"
"ENSG00000107438","PDLIM1"
"ENSG00000143816","WNT9A"
"ENSG00000066697","MSANTD3"
"ENSG00000131504","DIAPH1"
"ENSG00000168517","HEXIM2"
"ENSG00000090432","MUL1"
"ENSG00000112759","SLC29A1"
"ENSG00000130348","QRSL1"
"ENSG00000169271","HSPB3"
"ENSG00000197530","MIB2"
"ENSG00000107929","LARP4B"
"ENSG00000205937","RNPS1"
"ENSG00000214941","ZSWIM7"
"ENSG00000168286","THAP11"
"ENSG00000164142","FAM160A1"
"ENSG00000162889","MAPKAPK2"
"ENSG00000196642","RABL6"
"ENSG00000008018","PSMB1"
"ENSG00000147166","ITGB1BP2"
"ENSG00000105221","AKT2"
"ENSG00000134686","PHC2"
"ENSG00000175727","MLXIP"
"ENSG00000132600","PRMT7"
"ENSG00000168273","SMIM4"
"ENSG00000142002","DPP9"
"ENSG00000180806","HOXC9"
"ENSG00000250317","SMIM20"
"ENSG00000103342","GSPT1"
"ENSG00000103507","BCKDK"
"ENSG00000074603","DPP8"
"ENSG00000141552","ANAPC11"
"ENSG00000106628","POLD2"
"ENSG00000112855","HARS2"
"ENSG00000188542","DUSP28"
"ENSG00000067704","IARS2"
"ENSG00000142684","ZNF593"
"ENSG00000115657","ABCB6"
"ENSG00000176973","FAM89B"
"ENSG00000162032","SPSB3"
"ENSG00000132361","CLUH"
"ENSG00000114982","KANSL3"
"ENSG00000134056","MRPS36"
"ENSG00000100902","PSMA6"
"ENSG00000218739","CEBPZOS"
"ENSG00000146859","TMEM140"
"ENSG00000125741","OPA3"
"ENSG00000099203","TMED1"
"ENSG00000006744","ELAC2"
"ENSG00000125977","EIF2S2"
"ENSG00000162191","UBXN1"
"ENSG00000134049","IER3IP1"
"ENSG00000106263","EIF3B"
"ENSG00000140945","CDH13"
"ENSG00000100601","ALKBH1"
"ENSG00000148444","COMMD3"
"ENSG00000164818","DNAAF5"
"ENSG00000185627","PSMD13"
"ENSG00000074319","TSG101"
"ENSG00000181610","MRPS23"
"ENSG00000165660","ABRAXAS2"
"ENSG00000138867","GUCD1"
"ENSG00000167969","ECI1"
"ENSG00000149187","CELF1"
"ENSG00000143252","SDHC"
"ENSG00000169857","AVEN"
"ENSG00000174428","GTF2IRD2B"
"ENSG00000162885","B3GALNT2"
"ENSG00000185608","MRPL40"
"ENSG00000077009","NMRK2"
"ENSG00000186350","RXRA"
"ENSG00000014641","MDH1"
"ENSG00000138757","G3BP2"
"ENSG00000100625","SIX4"
"ENSG00000107341","UBE2R2"
"ENSG00000133020","MYH8"
"ENSG00000069431","ABCC9"
"ENSG00000197312","DDI2"
"ENSG00000108883","EFTUD2"
"ENSG00000015153","YAF2"
"ENSG00000178913","TAF7"
"ENSG00000007168","PAFAH1B1"
"ENSG00000126882","FAM78A"
"ENSG00000162139","NEU3"
"ENSG00000135334","AKIRIN2"
"ENSG00000068654","POLR1A"
"ENSG00000138073","PREB"
"ENSG00000204822","MRPL53"
"ENSG00000285133","AC022506.1"
"ENSG00000136247","ZDHHC4"
"ENSG00000163807","KIAA1143"
"ENSG00000120910","PPP3CC"
"ENSG00000085415","SEH1L"
"ENSG00000108639","SYNGR2"
"ENSG00000136436","CALCOCO2"
"ENSG00000124172","ATP5F1E"
"ENSG00000154822","PLCL2"
"ENSG00000025156","HSF2"
"ENSG00000255302","EID1"
"ENSG00000005700","IBTK"
"ENSG00000131152","AC010531.1"
"ENSG00000068305","MEF2A"
"ENSG00000082213","C5orf22"
"ENSG00000122547","EEPD1"
"ENSG00000080802","CNOT4"
"ENSG00000107815","TWNK"
"ENSG00000273540","AGBL1"
"ENSG00000115364","MRPL19"
"ENSG00000119138","KLF9"
"ENSG00000132313","MRPL35"
"ENSG00000122140","MRPS2"
"ENSG00000180011","ZADH2"
"ENSG00000158669","GPAT4"
"ENSG00000163634","THOC7"
"ENSG00000128694","OSGEPL1"
"ENSG00000171503","ETFDH"
"ENSG00000164347","GFM2"
"ENSG00000197780","TAF13"
"ENSG00000197429","IPP"
"ENSG00000174021","GNG5"
"ENSG00000106682","EIF4H"
"ENSG00000186509","OR9Q1"
"ENSG00000102241","HTATSF1"
"ENSG00000169764","UGP2"
"ENSG00000140795","MYLK3"
"ENSG00000129204","USP6"
"ENSG00000167799","NUDT8"
"ENSG00000164074","ABHD18"
"ENSG00000167323","STIM1"
"ENSG00000134463","ECHDC3"
"ENSG00000122643","NT5C3A"
"ENSG00000124313","IQSEC2"
"ENSG00000119673","ACOT2"
"ENSG00000139620","KANSL2"
"ENSG00000126267","COX6B1"
"ENSG00000061794","MRPS35"
"ENSG00000158882","TOMM40L"
"ENSG00000101457","DNTTIP1"
"ENSG00000168890","TMEM150A"
"ENSG00000197223","C1D"
"ENSG00000162650","ATXN7L2"
"ENSG00000182253","SYNM"
"ENSG00000138279","ANXA7"
"ENSG00000122884","P4HA1"
"ENSG00000105357","MYH14"
"ENSG00000145907","G3BP1"
"ENSG00000143314","MRPL24"
"ENSG00000125457","MIF4GD"
"ENSG00000168803","ADAL"
"ENSG00000147687","TATDN1"
"ENSG00000156515","HK1"
"ENSG00000005243","COPZ2"
"ENSG00000176542","USF3"
"ENSG00000166133","RPUSD2"
"ENSG00000214706","IFRD2"
"ENSG00000123444","KBTBD4"
"ENSG00000198816","ZNF358"
"ENSG00000167705","RILP"
"ENSG00000131508","UBE2D2"
"ENSG00000070010","UFD1"
"ENSG00000153561","RMND5A"
"ENSG00000130021","PUDP"
"ENSG00000179041","RRS1"
"ENSG00000151498","ACAD8"
"ENSG00000107771","CCSER2"
"ENSG00000183751","TBL3"
"ENSG00000105650","PDE4C"
"ENSG00000188086","PRSS45P"
"ENSG00000100296","THOC5"
"ENSG00000100612","DHRS7"
"ENSG00000137073","UBAP2"
"ENSG00000161217","PCYT1A"
"ENSG00000035664","DAPK2"
"ENSG00000147573","TRIM55"
"ENSG00000167588","GPD1"
"ENSG00000158683","PKD1L1"
"ENSG00000218891","ZNF579"
"ENSG00000111237","VPS29"
"ENSG00000157823","AP3S2"
"ENSG00000132383","RPA1"
"ENSG00000164022","AIMP1"
"ENSG00000276045","ORAI1"
"ENSG00000145723","GIN1"
"ENSG00000175920","DOK7"
"ENSG00000144320","LNPK"
"ENSG00000131931","THAP1"
"ENSG00000213463","SYNJ2BP"
"ENSG00000067248","DHX29"
"ENSG00000012822","CALCOCO1"
"ENSG00000149289","ZC3H12C"
"ENSG00000170525","PFKFB3"
"ENSG00000159461","AMFR"
"ENSG00000160221","GATD3A"
"ENSG00000119812","FAM98A"
"ENSG00000087299","L2HGDH"
"ENSG00000076555","ACACB"
"ENSG00000134717","BTF3L4"
"ENSG00000171574","ZNF584"
"ENSG00000161204","ABCF3"
"ENSG00000012061","ERCC1"
"ENSG00000152413","HOMER1"
"ENSG00000167182","SP2"
"ENSG00000011523","CEP68"
"ENSG00000137764","MAP2K5"
"ENSG00000139726","DENR"
"ENSG00000167693","NXN"
"ENSG00000100348","TXN2"
"ENSG00000240505","TNFRSF13B"
"ENSG00000283189","AC104452.1"
"ENSG00000164828","SUN1"
"ENSG00000144115","THNSL2"
"ENSG00000082146","STRADB"
"ENSG00000100567","PSMA3"
"ENSG00000135900","MRPL44"
"ENSG00000169372","CRADD"
"ENSG00000091164","TXNL1"
"ENSG00000122085","MTERF4"
"ENSG00000115539","PDCL3"
"ENSG00000164318","EGFLAM"
"ENSG00000089195","TRMT6"
"ENSG00000077348","EXOSC5"
"ENSG00000175768","TOMM5"
"ENSG00000063854","HAGH"
"ENSG00000270800","RPS10-NUDT3"
"ENSG00000176209","SMIM19"
"ENSG00000186951","PPARA"
"ENSG00000111667","USP5"
"ENSG00000150907","FOXO1"
"ENSG00000174738","NR1D2"
"ENSG00000107581","EIF3A"
"ENSG00000168763","CNNM3"
"ENSG00000081014","AP4E1"
"ENSG00000136758","YME1L1"
"ENSG00000168228","ZCCHC4"
"ENSG00000124562","SNRPC"
"ENSG00000134001","EIF2S1"
"ENSG00000110048","OSBP"
"ENSG00000156831","NSMCE2"
"ENSG00000128654","MTX2"
"ENSG00000130204","TOMM40"
"ENSG00000070501","POLB"
"ENSG00000146278","PNRC1"
"ENSG00000028203","VEZT"
"ENSG00000267001","AC006538.2"
"ENSG00000129084","PSMA1"
"ENSG00000156976","EIF4A2"
"ENSG00000009844","VTA1"
"ENSG00000136003","ISCU"
"ENSG00000198947","DMD"
"ENSG00000161671","EMC10"
"ENSG00000124541","RRP36"
"ENSG00000174173","TRMT10C"
"ENSG00000104872","PIH1D1"
"ENSG00000075413","MARK3"
"ENSG00000100462","PRMT5"
"ENSG00000153879","CEBPG"
"ENSG00000186532","SMYD4"
"ENSG00000080845","DLGAP4"
"ENSG00000277791","PSMB3"
"ENSG00000113845","TIMMDC1"
"ENSG00000157106","SMG1"
"ENSG00000134897","BIVM"
"ENSG00000103642","LACTB"
"ENSG00000104904","OAZ1"
"ENSG00000012211","PRICKLE3"
"ENSG00000108591","DRG2"
"ENSG00000065970","FOXJ2"
"ENSG00000107854","TNKS2"
"ENSG00000151413","NUBPL"
"ENSG00000075914","EXOSC7"
"ENSG00000065029","ZNF76"
"ENSG00000144061","NPHP1"
"ENSG00000140543","DET1"
"ENSG00000145982","FARS2"
"ENSG00000163811","WDR43"
"ENSG00000247077","PGAM5"
"ENSG00000243317","STMP1"
"ENSG00000107949","BCCIP"
"ENSG00000165672","PRDX3"
"ENSG00000137513","NARS2"
"ENSG00000102738","MRPS31"
"ENSG00000101421","CHMP4B"
"ENSG00000133065","SLC41A1"
"ENSG00000162402","USP24"
"ENSG00000116717","GADD45A"
"ENSG00000060762","MPC1"
"ENSG00000172939","OXSR1"
"ENSG00000186187","ZNRF1"
"ENSG00000006062","MAP3K14"
"ENSG00000117859","OSBPL9"
"ENSG00000198363","ASPH"
"ENSG00000165487","MICU2"
"ENSG00000166272","WBP1L"
"ENSG00000148730","EIF4EBP2"
"ENSG00000123096","SSPN"
"ENSG00000131467","PSME3"
"ENSG00000089053","ANAPC5"
"ENSG00000168300","PCMTD1"
"ENSG00000106028","SSBP1"
"ENSG00000148516","ZEB1"
"ENSG00000106049","HIBADH"
"ENSG00000091527","CDV3"
"ENSG00000125967","NECAB3"
"ENSG00000101391","CDK5RAP1"
"ENSG00000074054","CLASP1"
"ENSG00000154719","MRPL39"
"ENSG00000162980","ARL5A"
"ENSG00000086504","MRPL28"
"ENSG00000179115","FARSA"
"ENSG00000118496","FBXO30"
"ENSG00000112578","BYSL"
"ENSG00000285437","POLR2J3"
"ENSG00000137393","RNF144B"
"ENSG00000155090","KLF10"
"ENSG00000160688","FLAD1"
"ENSG00000113448","PDE4D"
"ENSG00000104756","KCTD9"
"ENSG00000166199","ALKBH3"
"ENSG00000122591","FAM126A"
"ENSG00000169519","METTL15"
"ENSG00000131061","ZNF341"
"ENSG00000100908","EMC9"
"ENSG00000123213","NLN"
"ENSG00000139160","ETFBKMT"
"ENSG00000162735","PEX19"
"ENSG00000129933","MAU2"
"ENSG00000144635","DYNC1LI1"
"ENSG00000170906","NDUFA3"
"ENSG00000053254","FOXN3"
"ENSG00000081791","DELE1"
"ENSG00000198836","OPA1"
"ENSG00000188215","DCUN1D3"
"ENSG00000134440","NARS1"
"ENSG00000138785","INTS12"
"ENSG00000177370","TIMM22"
"ENSG00000156026","MCU"
"ENSG00000115216","NRBP1"
"ENSG00000117877","POLR1G"
"ENSG00000077721","UBE2A"
"ENSG00000163155","LYSMD1"
"ENSG00000149136","SSRP1"
"ENSG00000164983","TMEM65"
"ENSG00000114796","KLHL24"
"ENSG00000130770","ATP5IF1"
"ENSG00000108509","CAMTA2"
"ENSG00000188559","RALGAPA2"
"ENSG00000107185","RGP1"
"ENSG00000099260","PALMD"
"ENSG00000182552","RWDD4"
"ENSG00000110422","HIPK3"
"ENSG00000148719","DNAJB12"
"ENSG00000172336","POP7"
"ENSG00000135040","NAA35"
"ENSG00000175203","DCTN2"
"ENSG00000108443","RPS6KB1"
"ENSG00000087269","NOP14"
"ENSG00000145996","CDKAL1"
"ENSG00000122873","CISD1"
"ENSG00000136522","MRPL47"
"ENSG00000128708","HAT1"
"ENSG00000139645","ANKRD52"
"ENSG00000093167","LRRFIP2"
"ENSG00000198837","DENND4B"
"ENSG00000283787","PRR33"
"ENSG00000256671","LIMS4"
"ENSG00000145390","USP53"
"ENSG00000137996","RTCA"
"ENSG00000111300","NAA25"
"ENSG00000167085","PHB"
"ENSG00000099804","CDC34"
"ENSG00000170852","KBTBD2"
"ENSG00000107020","PLGRKT"
"ENSG00000153113","CAST"
"ENSG00000167703","SLC43A2"
"ENSG00000138442","WDR12"
"ENSG00000197043","ANXA6"
"ENSG00000188493","C19orf54"
"ENSG00000258311","AC009779.3"
"ENSG00000108588","CCDC47"
"ENSG00000166200","COPS2"
"ENSG00000152104","PTPN14"
"ENSG00000108561","C1QBP"
"ENSG00000118689","FOXO3"
"ENSG00000151090","THRB"
"ENSG00000143363","PRUNE1"
"ENSG00000065060","UHRF1BP1"
"ENSG00000123607","TTC21B"
"ENSG00000133028","SCO1"
"ENSG00000163608","NEPRO"
"ENSG00000165495","PKNOX2"
"ENSG00000204595","DPRX"
"ENSG00000174886","NDUFA11"
"ENSG00000125037","EMC3"
"ENSG00000101844","ATG4A"
"ENSG00000115459","ELMOD3"
"ENSG00000182810","DDX28"
"ENSG00000113328","CCNG1"
"ENSG00000034971","MYOC"
"ENSG00000109519","GRPEL1"
"ENSG00000115866","DARS1"
"ENSG00000109775","UFSP2"
"ENSG00000131368","MRPS25"
"ENSG00000178974","FBXO34"
"ENSG00000164951","PDP1"
"ENSG00000121749","TBC1D15"
"ENSG00000187837","H1-2"
"ENSG00000123064","DDX54"
"ENSG00000172765","TMCC1"
"ENSG00000103657","HERC1"
"ENSG00000273173","SNURF"
"ENSG00000065989","PDE4A"
"ENSG00000268790","AC008764.4"
"ENSG00000137815","RTF1"
"ENSG00000153015","CWC27"
"ENSG00000124588","NQO2"
"ENSG00000100664","EIF5"
"ENSG00000166123","GPT2"
"ENSG00000173674","EIF1AX"
"ENSG00000165006","UBAP1"
"ENSG00000151893","CACUL1"
"ENSG00000146281","PM20D2"
"ENSG00000005981","ASB4"
"ENSG00000120029","ARMH3"
"ENSG00000047346","FAM214A"
"ENSG00000233954","UQCRHL"
"ENSG00000135837","CEP350"
"ENSG00000188342","GTF2F2"
"ENSG00000108984","MAP2K6"
"ENSG00000189077","TMEM120A"
"ENSG00000166949","SMAD3"
"ENSG00000135945","REV1"
"ENSG00000148688","RPP30"
"ENSG00000144161","ZC3H8"
"ENSG00000179912","R3HDM2"
"ENSG00000131943","C19orf12"
"ENSG00000100239","PPP6R2"
"ENSG00000109819","PPARGC1A"
"ENSG00000284770","TBCE"
"ENSG00000174132","FAM174A"
"ENSG00000250021","ARPIN-AP3S2"
"ENSG00000041357","PSMA4"
"ENSG00000116750","UCHL5"
"ENSG00000133424","LARGE1"
"ENSG00000161654","LSM12"
"ENSG00000087302","RTRAF"
"ENSG00000187098","MITF"
"ENSG00000105364","MRPL4"
"ENSG00000115761","NOL10"
"ENSG00000137210","TMEM14B"
"ENSG00000145349","CAMK2D"
"ENSG00000007202","KIAA0100"
"ENSG00000090857","PDPR"
"ENSG00000150990","DHX37"
"ENSG00000184182","UBE2F"
"ENSG00000006788","MYH13"
"ENSG00000123992","DNPEP"
"ENSG00000153786","ZDHHC7"
"ENSG00000123106","CCDC91"
"ENSG00000184675","AMER1"
"ENSG00000165238","WNK2"
"ENSG00000157538","VPS26C"
"ENSG00000187118","CMC1"
"ENSG00000283428","CCDC195"
"ENSG00000106635","BCL7B"
"ENSG00000130985","UBA1"
"ENSG00000012232","EXTL3"
"ENSG00000119401","TRIM32"
"ENSG00000168621","GDNF"
"ENSG00000150347","ARID5B"
"ENSG00000107937","GTPBP4"
"ENSG00000096401","CDC5L"
"ENSG00000173163","COMMD1"
"ENSG00000143420","ENSA"
"ENSG00000188283","ZNF383"
"ENSG00000100033","PRODH"
"ENSG00000087470","DNM1L"
"ENSG00000142961","MOB3C"
"ENSG00000125863","MKKS"
"ENSG00000116984","MTR"
"ENSG00000267740","AC024592.3"
"ENSG00000257103","LSM14A"
"ENSG00000205323","SARNP"
"ENSG00000164134","NAA15"
"ENSG00000154265","ABCA5"
"ENSG00000113456","RAD1"
"ENSG00000152601","MBNL1"
"ENSG00000172663","TMEM134"
"ENSG00000285043","AC093512.2"
"ENSG00000117133","RPF1"
"ENSG00000104973","MED25"
"ENSG00000137692","DCUN1D5"
"ENSG00000168386","FILIP1L"
"ENSG00000144034","TPRKB"
"ENSG00000111142","METAP2"
"ENSG00000196636","SDHAF3"
"ENSG00000128965","CHAC1"
"ENSG00000285723","AL034430.2"
"ENSG00000134697","GNL2"
"ENSG00000115317","HTRA2"
"ENSG00000265241","RBM8A"
"ENSG00000196923","PDLIM7"
"ENSG00000110200","ANAPC15"
"ENSG00000047315","POLR2B"
"ENSG00000285053","TBCE"
"ENSG00000196510","ANAPC7"
"ENSG00000082515","MRPL22"
"ENSG00000137216","TMEM63B"
"ENSG00000013561","RNF14"
"ENSG00000105671","DDX49"
"ENSG00000181852","RNF41"
"ENSG00000129675","ARHGEF6"
"ENSG00000073910","FRY"
"ENSG00000206560","ANKRD28"
"ENSG00000068383","INPP5A"
"ENSG00000139370","SLC15A4"
"ENSG00000131196","NFATC1"
"ENSG00000170145","SIK2"
"ENSG00000091127","PUS7"
"ENSG00000162851","TFB2M"
"ENSG00000112715","VEGFA"
"ENSG00000144043","TEX261"
"ENSG00000066629","EML1"
"ENSG00000120948","TARDBP"
"ENSG00000139112","GABARAPL1"
"ENSG00000203546","AL139353.1"
"ENSG00000258102","MAP1LC3B2"
"ENSG00000172366","MCRIP2"
"ENSG00000164093","PITX2"
"ENSG00000128908","INO80"
"ENSG00000244687","UBE2V1"
"ENSG00000163743","RCHY1"
"ENSG00000109180","OCIAD1"
"ENSG00000147654","EBAG9"
"ENSG00000122783","CYREN"
"ENSG00000124383","MPHOSPH10"
"ENSG00000274286","ADRA2B"
"ENSG00000184903","IMMP2L"
"ENSG00000134986","NREP"
"ENSG00000110075","PPP6R3"
"ENSG00000168894","RNF181"
"ENSG00000133393","CEP20"
"ENSG00000269590","AC010422.5"
"ENSG00000173545","ZNF622"
"ENSG00000151093","OXSM"
"ENSG00000204178","MACO1"
"ENSG00000177613","CSTF2T"
"ENSG00000113742","CPEB4"
"ENSG00000136153","LMO7"
"ENSG00000124570","SERPINB6"
"ENSG00000174720","LARP7"
"ENSG00000148290","SURF1"
"ENSG00000104331","BPNT2"
"ENSG00000072121","ZFYVE26"
"ENSG00000065882","TBC1D1"
"ENSG00000126895","AVPR2"
"ENSG00000171016","PYGO1"
"ENSG00000273155","AC092587.1"
"ENSG00000107669","ATE1"
"ENSG00000249967","AL355315.1"
"ENSG00000111727","HCFC2"
"ENSG00000133805","AMPD3"
"ENSG00000135763","URB2"
"ENSG00000284526","AC015802.6"
"ENSG00000124767","GLO1"
"ENSG00000010818","HIVEP2"
"ENSG00000184719","RNLS"
"ENSG00000237489","C10orf143"
"ENSG00000213782","DDX47"
"ENSG00000136451","VEZF1"
"ENSG00000172172","MRPL13"
"ENSG00000124788","ATXN1"
"ENSG00000109111","SUPT6H"
"ENSG00000254598","CSNK2A3"
"ENSG00000115561","CHMP3"
"ENSG00000064419","TNPO3"
"ENSG00000164151","ICE1"
"ENSG00000183665","TRMT12"
"ENSG00000104472","CHRAC1"
"ENSG00000198060","MARCHF5"
"ENSG00000004455","AK2"
"ENSG00000196419","XRCC6"
"ENSG00000136273","HUS1"
"ENSG00000146223","RPL7L1"
"ENSG00000280987","MATR3"
"ENSG00000268434","AC011530.1"
"ENSG00000162600","OMA1"
"ENSG00000101161","PRPF6"
"ENSG00000198791","CNOT7"
"ENSG00000171307","ZDHHC16"
"ENSG00000100320","RBFOX2"
"ENSG00000176125","UFSP1"
"ENSG00000084112","SSH1"
"ENSG00000100373","UPK3A"
"ENSG00000256100","AP000721.1"
"ENSG00000172171","TEFM"
"ENSG00000121940","CLCC1"
"ENSG00000115649","CNPPD1"
"ENSG00000173482","PTPRM"
"ENSG00000145833","DDX46"
"ENSG00000163064","EN1"
"ENSG00000144791","LIMD1"
"ENSG00000172809","RPL38"
"ENSG00000083099","LYRM2"
"ENSG00000116138","DNAJC16"
"ENSG00000143337","TOR1AIP1"
"ENSG00000176386","CDC26"
"ENSG00000088448","ANKRD10"
"ENSG00000183631","PRR32"
"ENSG00000156256","USP16"
"ENSG00000159692","CTBP1"
"ENSG00000141646","SMAD4"
"ENSG00000115290","GRB14"
"ENSG00000259112","NDUFC2-KCTD14"
"ENSG00000173418","NAA20"
"ENSG00000243414","TICAM2"
"ENSG00000260371","AC026464.3"
"ENSG00000118197","DDX59"
"ENSG00000170515","PA2G4"
"ENSG00000171763","SPATA5L1"
"ENSG00000130638","ATXN10"
"ENSG00000186591","UBE2H"
"ENSG00000186566","GPATCH8"
"ENSG00000167657","DAPK3"
"ENSG00000254858","MPV17L2"
"ENSG00000165898","ISCA2"
"ENSG00000049618","ARID1B"
"ENSG00000144746","ARL6IP5"
"ENSG00000151461","UPF2"
"ENSG00000135974","C2orf49"
"ENSG00000111371","SLC38A1"
"ENSG00000155393","HEATR3"
"ENSG00000170776","AKAP13"
"ENSG00000167280","ENGASE"
"ENSG00000182484","WASH6P"
"ENSG00000141232","TOB1"
"ENSG00000173757","STAT5B"
"ENSG00000205221","VIT"
"ENSG00000092208","GEMIN2"
"ENSG00000065000","AP3D1"
"ENSG00000159267","HLCS"
"ENSG00000176261","ZBTB8OS"
"ENSG00000216921","FAM240C"
"ENSG00000077044","DGKD"
"ENSG00000204922","UQCC3"
"ENSG00000135407","AVIL"
"ENSG00000157600","TMEM164"
"ENSG00000011566","MAP4K3"
"ENSG00000114023","FAM162A"
"ENSG00000120533","ENY2"
"ENSG00000122034","GTF3A"
"ENSG00000183762","KREMEN1"
"ENSG00000125970","RALY"
"ENSG00000172000","ZNF556"
"ENSG00000124615","MOCS1"
"ENSG00000169047","IRS1"
"ENSG00000112394","SLC16A10"
"ENSG00000010803","SCMH1"
"ENSG00000172493","AFF1"
"ENSG00000113580","NR3C1"
"ENSG00000184924","PTRHD1"
"ENSG00000121440","PDZRN3"
"ENSG00000117748","RPA2"
"ENSG00000048392","RRM2B"
"ENSG00000186298","PPP1CC"
"ENSG00000006459","KDM7A"
"ENSG00000037965","HOXC8"
"ENSG00000124098","FAM210B"
"ENSG00000242114","MTFP1"
"ENSG00000120733","KDM3B"
"ENSG00000182208","MOB2"
"ENSG00000274750","H3C6"
"ENSG00000103194","USP10"
"ENSG00000130640","TUBGCP2"
"ENSG00000120913","PDLIM2"
"ENSG00000101882","NKAP"
"ENSG00000119878","CRIPT"
"ENSG00000196391","ZNF774"
"ENSG00000198517","MAFK"
"ENSG00000175931","UBE2O"
"ENSG00000131626","PPFIA1"
"ENSG00000283776","TAF11L13"
"ENSG00000160799","CCDC12"
"ENSG00000272772","AC104109.3"
"ENSG00000115946","PNO1"
"ENSG00000058729","RIOK2"
"ENSG00000162396","PARS2"
"ENSG00000102870","ZNF629"
"ENSG00000106524","ANKMY2"
"ENSG00000165792","METTL17"
"ENSG00000271601","LIX1L"
"ENSG00000115839","RAB3GAP1"
"ENSG00000157020","SEC13"
"ENSG00000112679","DUSP22"
"ENSG00000198522","GPN1"
"ENSG00000106246","PTCD1"
"ENSG00000270647","TAF15"
"ENSG00000115053","NCL"
"ENSG00000256977","LIMS3"
"ENSG00000117505","DR1"
"ENSG00000113141","IK"
"ENSG00000122481","RWDD3"
"ENSG00000106302","HYAL4"
"ENSG00000132849","PATJ"
"ENSG00000104517","UBR5"
"ENSG00000171819","ANGPTL7"
"ENSG00000253293","HOXA10"
"ENSG00000147316","MCPH1"
"ENSG00000112640","PPP2R5D"
"ENSG00000109063","MYH3"
"ENSG00000104365","IKBKB"
"ENSG00000197448","GSTK1"
"ENSG00000213366","GSTM2"
"ENSG00000116663","FBXO6"
"ENSG00000135063","FAM189A2"
"ENSG00000069956","MAPK6"
"ENSG00000143771","CNIH4"
"ENSG00000170653","ATF7"
"ENSG00000100380","ST13"
"ENSG00000072195","SPEG"
"ENSG00000142327","RNPEPL1"
"ENSG00000138399","FASTKD1"
"ENSG00000085511","MAP3K4"
"ENSG00000113296","THBS4"
"ENSG00000105677","TMEM147"
"ENSG00000123143","PKN1"
"ENSG00000140382","HMG20A"
"ENSG00000100294","MCAT"
"ENSG00000127837","AAMP"
"ENSG00000065833","ME1"
"ENSG00000100784","RPS6KA5"
"ENSG00000118939","UCHL3"
"ENSG00000180787","ZFP3"
"ENSG00000126749","EMG1"
"ENSG00000286221","AC009070.1"
"ENSG00000146477","SLC22A3"
"ENSG00000142252","GEMIN7"
"ENSG00000238227","TMEM250"
"ENSG00000285920","AC087721.2"
"ENSG00000058799","YIPF1"
"ENSG00000163026","WDCP"
"ENSG00000142687","KIAA0319L"
"ENSG00000115758","ODC1"
"ENSG00000069248","NUP133"
"ENSG00000162604","TM2D1"
"ENSG00000110801","PSMD9"
"ENSG00000204290","BTNL2"
"ENSG00000183208","GDPGP1"
"ENSG00000173546","CSPG4"
"ENSG00000129353","SLC44A2"
"ENSG00000138760","SCARB2"
"ENSG00000206549","AC109583.1"
"ENSG00000129824","RPS4Y1"
"ENSG00000076716","GPC4"
"ENSG00000103061","SLC7A6OS"
"ENSG00000119772","DNMT3A"
"ENSG00000270249","AC093668.1"
"ENSG00000129292","PHF20L1"
"ENSG00000047621","C12orf4"
"ENSG00000284969","AL049629.2"
"ENSG00000116199","FAM20B"
"ENSG00000180730","SHISA2"
"ENSG00000149269","PAK1"
"ENSG00000080561","MID2"
"ENSG00000071189","SNX13"
"ENSG00000177700","POLR2L"
"ENSG00000005100","DHX33"
"ENSG00000143127","ITGA10"
"ENSG00000119508","NR4A3"
"ENSG00000170631","ZNF16"
"ENSG00000085063","CD59"
"ENSG00000177971","IMP3"
"ENSG00000148357","HMCN2"
"ENSG00000115484","CCT4"
"ENSG00000162434","JAK1"
"ENSG00000171606","ZNF274"
"ENSG00000147650","LRP12"
"ENSG00000170584","NUDCD2"
"ENSG00000167528","ZNF641"
"ENSG00000275111","ZNF2"
"ENSG00000124444","ZNF576"
"ENSG00000105552","BCAT2"
"ENSG00000162714","ZNF496"
"ENSG00000182149","IST1"
"ENSG00000174891","RSRC1"
"ENSG00000139330","KERA"
"ENSG00000173867","AC013489.1"
"ENSG00000140992","PDPK1"
"ENSG00000164054","SHISA5"
"ENSG00000103671","TRIP4"
"ENSG00000167766","ZNF83"
"ENSG00000108599","AKAP10"
"ENSG00000132254","ARFIP2"
"ENSG00000103489","XYLT1"
"ENSG00000075624","ACTB"
"ENSG00000101310","SEC23B"
"ENSG00000143315","PIGM"
"ENSG00000164808","SPIDR"
"ENSG00000155304","HSPA13"
"ENSG00000166997","CNPY4"
"ENSG00000178700","DHFR2"
"ENSG00000145685","LHFPL2"
"ENSG00000087448","KLHL42"
"ENSG00000173950","XXYLT1"
"ENSG00000183161","FANCF"
"ENSG00000006715","VPS41"
"ENSG00000111786","SRSF9"
"ENSG00000148481","MINDY3"
"ENSG00000131171","SH3BGRL"
"ENSG00000111530","CAND1"
"ENSG00000129480","DTD2"
"ENSG00000113391","FAM172A"
"ENSG00000213983","AP1G2"
"ENSG00000198890","PRMT6"
"ENSG00000286140","DERPC"
"ENSG00000267680","ZNF224"
"ENSG00000253352","TUG1"
"ENSG00000187815","ZFP69"
