"Gene","Gene.symbol","Median.expr","PCC"
"ENSG00000161558","TMEM143",5.3,0.781491958719638
"ENSG00000104812","GYS1",18.4,0.776823491676235
"ENSG00000091640","SPAG7",52.5,0.750324116550454
"ENSG00000165912","PACSIN3",21.4,0.788301919426231
"ENSG00000109390","NDUFC1",15.9,0.725451548513155
"ENSG00000143164","DCAF6",24.6,0.780991140335411
"ENSG00000079739","PGM1",33.7,0.813424092210501
"ENSG00000106554","CHCHD3",27.4,0.779875301608733
"ENSG00000122367","LDB3",8.9,0.746388609062517
"ENSG00000160392","C19orf47",7.7,0.7451973676508
"ENSG00000140990","NDUFB10",133.3,0.710751579447107
"ENSG00000082641","NFE2L1",109.7,0.762035585486632
"ENSG00000169714","CNBP",252.8,0.858808761662002
"ENSG00000009307","CSDE1",197.9,0.793748951922684
"ENSG00000146701","MDH2",69.8,0.769175886521192
"ENSG00000165526","RPUSD4",11,0.822181261501401
"ENSG00000161281","COX7A1",86.6,0.727409820909143
"ENSG00000186432","KPNA4",11.1,0.832494260686532
"ENSG00000185100","ADSS1",6.5,0.788202383701204
"ENSG00000179262","RAD23A",67,0.787285752069564
"ENSG00000099341","PSMD8",110.8,0.80820280715035
"ENSG00000178104","PDE4DIP",32.4,0.700294383107278
"ENSG00000084754","HADHA",64.7,0.819087546145829
"ENSG00000163050","COQ8A",12.8,0.828746867323843
"ENSG00000013563","DNASE1L1",14.2,0.825945895991401
"ENSG00000171992","SYNPO",31.7,0.790754104631535
"ENSG00000123240","OPTN",50.8,0.811004764805505
"ENSG00000101605","MYOM1",5.4,0.747949994473548
"ENSG00000064726","BTBD1",34.5,0.67226127027275
"ENSG00000111640","GAPDH",1693.2,0.705899760358701
"ENSG00000132155","RAF1",41.9,0.837275451338031
"ENSG00000185437","SH3BGR",16.4,0.749191161428477
"ENSG00000119929","CUTC",20.4,0.765785088028878
"ENSG00000116906","GNPAT",23.8,0.715732298239351
"ENSG00000175701","MTLN",51.3,0.77241611291468
"ENSG00000119938","PPP1R3C",17.6,0.759543290612944
"ENSG00000100764","PSMC1",55.7,0.8230951088372
"ENSG00000072401","UBE2D1",8.1,0.810579591148518
"ENSG00000112186","CAP2",9.7,0.728176519542372
"ENSG00000167549","CORO6",7.9,0.792978358875264
"ENSG00000183520","UTP11",13.4,0.760633054086235
"ENSG00000139842","CUL4A",30.5,0.833608077986885
"ENSG00000162688","AGL",7.4,0.745582649229018
"ENSG00000159348","CYB5R1",43.4,0.784248496772982
"ENSG00000239900","ADSL",29,0.81918080238385
"ENSG00000114416","FXR1",38.9,0.705842136757344
"ENSG00000206418","RAB12",29.1,0.7429077247191
"ENSG00000180329","CCDC43",11.3,0.732776246317478
"ENSG00000183386","FHL3",9.7,0.790704687731146
"ENSG00000163820","FYCO1",13.8,0.811231632098066
"ENSG00000115694","STK25",49.8,0.83506773817956
"ENSG00000164068","RNF123",16.4,0.740286698975555
"ENSG00000175166","PSMD2",65,0.755324220429955
"ENSG00000171033","PKIA",8.7,0.695627608710307
"ENSG00000177981","ASB8",21.9,0.727268737715149
"ENSG00000108515","ENO3",6.4,0.745251251797953
"ENSG00000172731","LRRC20",6.4,0.748212076386044
"ENSG00000132570","PCBD2",7.3,0.677220006376315
"ENSG00000260914","AC026464.4",29.7,0.809463270904835
"ENSG00000130695","CEP85",5.4,0.739232221954156
"ENSG00000143549","TPM3",104,0.756302007579546
"ENSG00000091542","ALKBH5",27,0.850600632360336
"ENSG00000102753","KPNA3",16.9,0.719441297415044
"ENSG00000170175","CHRNB1",6.8,0.825168807804972
"ENSG00000065518","NDUFB4",149.2,0.708972505261844
"ENSG00000149925","ALDOA",570.9,0.794411847721389
"ENSG00000068976","PYGM",7.8,0.785074680792528
"ENSG00000070785","EIF2B3",14.7,0.829735585689777
"ENSG00000167792","NDUFV1",90.6,0.721308835904892
"ENSG00000060138","YBX3",83.5,0.836218460970103
"ENSG00000022267","FHL1",119.2,0.736309123781339
"ENSG00000163110","PDLIM5",27.8,0.75942589578851
"ENSG00000132463","GRSF1",44.2,0.774992536691967
"ENSG00000106305","AIMP2",15.3,0.751131935546126
"ENSG00000213619","NDUFS3",50.1,0.771577127075931
"ENSG00000110429","FBXO3",22.4,0.748480161788267
"ENSG00000152556","PFKM",35.4,0.691285948564161
"ENSG00000072954","TMEM38A",5.1,0.75651061763088
"ENSG00000174437","ATP2A2",47.6,0.703847648281379
"ENSG00000198467","TPM2",143.5,0.802513585329874
"ENSG00000110435","PDHX",17.9,0.66559161223741
"ENSG00000196535","MYO18A",10.7,0.759775951086483
"ENSG00000149743","TRPT1",31,0.714205500657189
"ENSG00000255154","HTD2",7.3,0.787904453499949
"ENSG00000088682","COQ9",22.2,0.716280648654171
"ENSG00000101182","PSMA7",135.7,0.854735124025999
"ENSG00000125744","RTN2",10.2,0.759170151004595
"ENSG00000067191","CACNB1",5.6,0.724011961644117
"ENSG00000196821","ILRUN",37.9,0.665663529597668
"ENSG00000078618","NRDC",36.4,0.743804861612511
"ENSG00000143434","SEMA6C",6.4,0.79381462909313
"ENSG00000154553","PDLIM3",21,0.81004750256809
"ENSG00000092148","HECTD1",35.6,0.787005474569402
"ENSG00000128591","FLNC",10.2,0.783876819283914
"ENSG00000162378","ZYG11B",8.7,0.660866193426227
"ENSG00000145494","NDUFS6",95.1,0.685692151366268
"ENSG00000108344","PSMD3",49.3,0.879571752101637
"ENSG00000179091","CYC1",90.4,0.68567878121984
"ENSG00000137198","GMPR",16.7,0.693757658715171
"ENSG00000062582","MRPS24",92.5,0.745534669408246
"ENSG00000179632","MAF1",84.8,0.759549526713783
"ENSG00000106992","AK1",34.1,0.705225683077704
"ENSG00000100347","SAMM50",29.5,0.754982387555024
"ENSG00000177479","ARIH2",23.1,0.664291682519077
"ENSG00000130560","UBAC1",24.9,0.685858516793524
"ENSG00000188677","PARVB",19.7,0.725892294318651
"ENSG00000006576","PHTF2",6.8,0.792761892151494
"ENSG00000213585","VDAC1",114.7,0.667506245753656
"ENSG00000132388","UBE2G1",22.7,0.787326844824943
"ENSG00000188130","MAPK12",7.9,0.742338478375939
"ENSG00000136813","ECPAS",31.6,0.753597168871332
"ENSG00000111669","TPI1",411.3,0.638105288792602
"ENSG00000004799","PDK4",73.7,0.818667616763485
"ENSG00000147123","NDUFB11",99.2,0.662399060325386
"ENSG00000023228","NDUFS1",17.2,0.730028736531396
"ENSG00000137547","MRPL15",38.2,0.679377223597287
"ENSG00000180992","MRPL14",27.1,0.805559194916562
"ENSG00000160050","CCDC28B",6.3,0.746002144733039
"ENSG00000162614","NEXN",10.3,0.727537086585499
"ENSG00000197321","SVIL",22.8,0.782304898746707
"ENSG00000087884","AAMDC",37.7,0.833722070967575
"ENSG00000156467","UQCRB",194.7,0.649337516556577
"ENSG00000117479","SLC19A2",9.4,0.843347472453536
"ENSG00000107758","PPP3CB",34.2,0.708918416916309
"ENSG00000170242","USP47",15.2,0.769002326608386
"ENSG00000167136","ENDOG",13.3,0.705728913317721
"ENSG00000102225","CDK16",41.3,0.627674514956515
"ENSG00000133315","MACROD1",6.9,0.846325037463311
"ENSG00000121897","LIAS",6.1,0.628128016851751
"ENSG00000135972","MRPS9",24.4,0.631547487319107
"ENSG00000096080","MRPS18A",34.5,0.740185412085967
"ENSG00000119048","UBE2B",43.1,0.83541286803494
"ENSG00000103035","PSMD7",58.5,0.762219405905066
"ENSG00000125166","GOT2",57.4,0.656241569553966
"ENSG00000004776","HSPB6",61.1,0.817633104412113
"ENSG00000115840","SLC25A12",10.1,0.735587893238997
"ENSG00000106993","CDC37L1",12.7,0.766026813744073
"ENSG00000078668","VDAC3",86.5,0.597701498300679
"ENSG00000135932","CAB39",38.9,0.728712787138404
"ENSG00000180228","PRKRA",25.9,0.651819325387246
"ENSG00000101019","UQCC1",21.4,0.618730947661256
"ENSG00000081189","MEF2C",17.7,0.754356580623014
"ENSG00000075415","SLC25A3",228.1,0.800856366710171
"ENSG00000163754","GYG1",38.1,0.738093815474764
"ENSG00000135447","PPP1R1A",10.4,0.770240743168684
"ENSG00000116898","MRPS15",55.6,0.690341658452855
"ENSG00000114062","UBE3A",31.2,0.673717880566722
"ENSG00000178127","NDUFV2",105.8,0.678243088395937
"ENSG00000135766","EGLN1",34.3,0.623538654767586
"ENSG00000160299","PCNT",8.4,0.80744513969447
"ENSG00000079785","DDX1",46.3,0.75382940387042
"ENSG00000166135","HIF1AN",7.1,0.67014550328583
"ENSG00000138768","USO1",35.3,0.845422429453364
"ENSG00000256053","COA8",20.3,0.665861068963287
"ENSG00000172046","USP19",19.7,0.856431405269447
"ENSG00000104131","EIF3J",37.9,0.731197840620706
"ENSG00000165410","CFL2",42.9,0.603730414999233
"ENSG00000160818","GPATCH4",15.1,0.876728173425577
"ENSG00000182446","NPLOC4",31.4,0.893101939466166
"ENSG00000173614","NMNAT1",5.3,0.672318804458426
"ENSG00000136521","NDUFB5",41.9,0.719366921403593
"ENSG00000164967","RPP25L",23.3,0.633048837727968
"ENSG00000136270","TBRG4",22.1,0.782682975906202
"ENSG00000010256","UQCRC1",79.7,0.608547311394747
"ENSG00000136842","TMOD1",18.6,0.68387103588883
"ENSG00000108671","PSMD11",27,0.735857348428399
"ENSG00000105953","OGDH",41,0.671162455907772
"ENSG00000169021","UQCRFS1",26.9,0.635858478194283
"ENSG00000110871","COQ5",23.2,0.673797936614558
"ENSG00000168291","PDHB",53.9,0.630472957750584
"ENSG00000164258","NDUFS4",74.3,0.645511844454903
"ENSG00000067177","PHKA1",5.7,0.664610974580866
"ENSG00000146729","NIPSNAP2",49,0.637574988270359
"ENSG00000138663","COPS4",30.6,0.626003329835813
"ENSG00000166289","PLEKHF1",9,0.791993017027165
"ENSG00000048544","MRPS10",18.6,0.742043190473999
"ENSG00000182054","IDH2",60.2,0.663996796064937
"ENSG00000114030","KPNA1",14.7,0.780576306511591
"ENSG00000138029","HADHB",102.2,0.617832859020308
"ENSG00000062485","CS",58.8,0.69406751871968
"ENSG00000126602","TRAP1",37.2,0.822490995205579
"ENSG00000105808","RASA4",17.9,0.783652774587312
"ENSG00000134324","LPIN1",20.1,0.664197464028186
"ENSG00000181929","PRKAG1",39.9,0.623263822655779
"ENSG00000067225","PKM",353.3,0.611550938439809
"ENSG00000136717","BIN1",41.4,0.678367948468281
"ENSG00000125445","MRPS7",44.7,0.569859537922032
"ENSG00000175826","CTDNEP1",62.3,0.902958151627101
"ENSG00000173692","PSMD1",29.3,0.783673777745209
"ENSG00000004142","POLDIP2",51.8,0.73023830477282
"ENSG00000147684","NDUFB9",192.9,0.549674817325975
"ENSG00000165280","VCP",58.9,0.720114312737951
"ENSG00000182606","TRAK1",23.2,0.64847929863246
"ENSG00000101365","IDH3B",55.1,0.627312247152501
"ENSG00000071282","LMCD1",20.3,0.860428412211349
"ENSG00000136143","SUCLA2",33.4,0.614160277248788
"ENSG00000163319","MRPS18C",25.5,0.671698479045369
"ENSG00000054654","SYNE2",12.5,0.772723153992139
"ENSG00000006695","COX10",5.7,0.705817221148565
"ENSG00000164896","FASTK",28,0.649133069618015
"ENSG00000144357","UBR3",8.8,0.704167409801439
"ENSG00000105393","BABAM1",48.5,0.721767497780271
"ENSG00000115286","NDUFS7",51.8,0.705311574173131
"ENSG00000116459","ATP5PB",18,0.678577436354777
"ENSG00000103994","ZNF106",17.9,0.615834279536995
"ENSG00000165264","NDUFB6",40.6,0.625065649025299
"ENSG00000104980","TIMM44",14.1,0.736448751208151
"ENSG00000095209","TMEM38B",8.2,0.627152725598858
"ENSG00000121851","POLR3GL",34.4,0.727572471642976
"ENSG00000171161","ZNF672",14.9,0.757312403274618
"ENSG00000167862","MRPL58",22.4,0.737549143866707
"ENSG00000138162","TACC2",21.1,0.77686368758417
"ENSG00000118804","STBD1",7.3,0.789841210568628
"ENSG00000121579","NAA50",51.4,0.881515429021547
"ENSG00000136261","BZW2",20.1,0.712210082687876
"ENSG00000137831","UACA",16.2,0.807124490180119
"ENSG00000142453","CARM1",20.2,0.725925971840027
"ENSG00000131174","COX7B",100,0.546430796853432
"ENSG00000116221","MRPL37",38.3,0.780051031230947
"ENSG00000040341","STAU2",21,0.553055051853279
"ENSG00000166266","CUL5",9.9,0.750422080975312
"ENSG00000198624","CCDC69",22.1,0.853375588190976
"ENSG00000004961","HCCS",11.7,0.762526235976075
"ENSG00000130005","GAMT",29.4,0.73371861049761
"ENSG00000188807","TMEM201",6.2,0.640713735752976
"ENSG00000169599","NFU1",40.2,0.605469600223906
"ENSG00000204316","MRPL38",27.1,0.595637809151033
"ENSG00000175606","TMEM70",10.5,0.808437733883202
"ENSG00000116688","MFN2",37.3,0.616520967456766
"ENSG00000274180","NATD1",5.1,0.791828985313563
"ENSG00000178741","COX5A",197.3,0.596079715142253
"ENSG00000119013","NDUFB3",129,0.528084021820093
"ENSG00000184787","UBE2G2",20.7,0.627426050314244
"ENSG00000162413","KLHL21",29.7,0.660053053909828
"ENSG00000127184","COX7C",406.4,0.54827351706708
"ENSG00000139180","NDUFA9",26.3,0.593057399829519
"ENSG00000161057","PSMC2",26.4,0.732917158536894
"ENSG00000158864","NDUFS2",48.4,0.649353600066938
"ENSG00000197905","TEAD4",6.2,0.826581661446907
"ENSG00000198546","ZNF511",14.8,0.663559222419245
"ENSG00000112425","EPM2A",5.8,0.525433408351395
"ENSG00000135469","COQ10A",12,0.59535817625237
"ENSG00000137177","KIF13A",22.6,0.630941785524048
"ENSG00000006757","PNPLA4",13.4,0.74204348166937
"ENSG00000072778","ACADVL",122.3,0.730609877042307
"ENSG00000176087","SLC35A4",41.4,0.841002237808516
"ENSG00000156265","MAP3K7CL",5.1,0.627318945521997
"ENSG00000065978","YBX1",314.3,0.806310664059543
"ENSG00000174032","SLC25A30",6.4,0.701535885498969
"ENSG00000167863","ATP5PD",266.1,0.571845326943915
"ENSG00000164654","MIOS",12,0.777478972461246
"ENSG00000169288","MRPL1",18.2,0.648375271409586
"ENSG00000145743","FBXL17",10.8,0.599679079382459
"ENSG00000155313","USP25",16.2,0.788666715399468
"ENSG00000165283","STOML2",55.6,0.839789161088859
"ENSG00000143612","C1orf43",118.1,0.548557490762176
"ENSG00000272573","MUSTN1",44.2,0.714077463099003
"ENSG00000084090","STARD7",53.6,0.595929811476954
"ENSG00000141905","NFIC",31.1,0.837452012271072
"ENSG00000130159","ECSIT",27.7,0.658483732213896
"ENSG00000163412","EIF4E3",14.7,0.69573540138839
"ENSG00000167721","TSR1",12.9,0.749258228825341
"ENSG00000102893","PHKB",29.4,0.860153491089592
"ENSG00000140416","TPM1",208.2,0.722888515564227
"ENSG00000105197","TIMM50",30.7,0.676051836748772
"ENSG00000146066","HIGD2A",131.1,0.658975024200517
"ENSG00000132768","DPH2",8.2,0.807763153095412
"ENSG00000170276","HSPB2",16.3,0.58409845730346
"ENSG00000205339","IPO7",31.6,0.703493782959022
"ENSG00000091732","ZC3HC1",9.4,0.595076116343924
"ENSG00000080546","SESN1",32.5,0.660993542303577
"ENSG00000119487","MAPKAP1",39,0.584298563345108
"ENSG00000124532","MRS2",13.5,0.618220092905943
"ENSG00000096060","FKBP5",81,0.767454098959243
"ENSG00000107263","RAPGEF1",29.3,0.715673954758049
"ENSG00000105401","CDC37",83.4,0.831949651547952
"ENSG00000068878","PSME4",8.5,0.73228362094728
"ENSG00000141526","SLC16A3",12.2,0.862266839870978
"ENSG00000198925","ATG9A",24.3,0.666989684799467
"ENSG00000068024","HDAC4",6,0.681931189082815
"ENSG00000117118","SDHB",71.6,0.634063217325395
"ENSG00000121057","AKAP1",28.1,0.648053186834852
"ENSG00000152234","ATP5F1A",240.8,0.630457147828546
"ENSG00000167186","COQ7",11.2,0.643006897881173
"ENSG00000156804","FBXO32",17.6,0.780156819214414
"ENSG00000114867","EIF4G1",60.1,0.928968952011337
"ENSG00000009335","UBE3C",19.5,0.781786552396088
"ENSG00000182180","MRPS16",20.3,0.884118174385971
"ENSG00000155463","OXA1L",56.3,0.776992112635262
"ENSG00000132716","DCAF8",55.4,0.81074561565991
"ENSG00000204219","TCEA3",15,0.848237747916323
"ENSG00000174547","MRPL11",13.9,0.711327478428801
"ENSG00000112339","HBS1L",35.7,0.616658886660397
"ENSG00000130764","LRRC47",16.1,0.715057080329171
"ENSG00000127774","EMC6",33.4,0.734075961090648
"ENSG00000110955","ATP5F1B",304.6,0.629246931390728
"ENSG00000133112","TPT1",3678.1,0.84221725261093
"ENSG00000103353","UBFD1",17.1,0.63200079377192
"ENSG00000104823","ECH1",94.4,0.838541716515665
"ENSG00000072062","PRKACA",44.5,0.74089589208986
"ENSG00000145391","SETD7",19.6,0.742808263690605
"ENSG00000092203","TOX4",17.1,0.698482754912757
"ENSG00000165637","VDAC2",117.2,0.662656351606866
"ENSG00000178952","TUFM",67.8,0.692697098915334
"ENSG00000170185","USP38",5.9,0.79323664109825
"ENSG00000204568","MRPS18B",44.8,0.610952207405483
"ENSG00000180182","MED14",13.1,0.677037122465559
"ENSG00000150401","DCUN1D2",8.5,0.599306301014129
"ENSG00000126777","KTN1",82.4,0.553717341677077
"ENSG00000127824","TUBA4A",30.9,0.657646033926884
"ENSG00000196792","STRN3",11.8,0.741334361073909
"ENSG00000162520","SYNC",7.7,0.709192407515189
"ENSG00000065427","KARS1",65.8,0.727961413748171
"ENSG00000090263","MRPS33",49.4,0.546684766597429
"ENSG00000148334","PTGES2",24.8,0.607595096624774
"ENSG00000100284","TOM1",25.2,0.836870309857396
"ENSG00000255112","CHMP1B",29.7,0.815503339688375
"ENSG00000132612","VPS4A",12.9,0.626471666570435
"ENSG00000170667","RASA4B",5.9,0.780615458491731
"ENSG00000166592","RRAD",10.1,0.783933020801787
"ENSG00000103423","DNAJA3",17.8,0.798665710714181
"ENSG00000274523","RCC1L",20.4,0.842725092287723
"ENSG00000111832","RWDD1",47.1,0.64703612392512
"ENSG00000091436","MAP3K20",15.8,0.691929583957811
"ENSG00000108861","DUSP3",49,0.544590541520275
"ENSG00000114738","MAPKAPK3",21,0.617219183806441
"ENSG00000144674","GOLGA4",28.6,0.689515284750159
"ENSG00000132305","IMMT",37.5,0.616198701532087
"ENSG00000168872","DDX19A",15.7,0.866671276360444
"ENSG00000126457","PRMT1",72.7,0.794145758819264
"ENSG00000172403","SYNPO2",16.1,0.762647512602994
"ENSG00000112992","NNT",16.7,0.600330098700167
"ENSG00000166025","AMOTL1",12.4,0.719048250474183
"ENSG00000075785","RAB7A",128.8,0.720409776633876
"ENSG00000183628","DGCR6",6.7,0.774447280554271
"ENSG00000134020","PEBP4",6.6,0.620954012229093
"ENSG00000178307","TMEM11",14.3,0.593255762500114
"ENSG00000102178","UBL4A",21.1,0.555432249406032
"ENSG00000103932","RPAP1",5.5,0.830837564098453
"ENSG00000139977","NAA30",10,0.563345965511356
"ENSG00000143374","TARS2",10.7,0.628861111415836
"ENSG00000214717","ZBED1",15.5,0.708026392929363
"ENSG00000140740","UQCRC2",104,0.633867909469562
"ENSG00000185414","MRPL30",7.1,0.871473888516115
"ENSG00000085377","PREP",15.4,0.8311018752615
"ENSG00000151148","UBE3B",15.1,0.637963672696054
"ENSG00000133983","COX16",21.3,0.674745042336116
"ENSG00000150768","DLAT",13.1,0.621258818026107
"ENSG00000112651","MRPL2",25.2,0.605954044263641
"ENSG00000106244","PDAP1",26.4,0.564029100755562
"ENSG00000088888","MAVS",13.5,0.694427213225105
"ENSG00000160194","NDUFV3",10.9,0.834802124903271
"ENSG00000175110","MRPS22",24.9,0.64016167060042
"ENSG00000175084","DES",53.2,0.734003966293393
"ENSG00000086015","MAST2",18,0.725175967788337
"ENSG00000070540","WIPI1",16.9,0.752700004655371
"ENSG00000176340","COX8A",350.9,0.591718403221052
"ENSG00000130779","CLIP1",26.5,0.635650694363321
"ENSG00000136682","CBWD2",6.5,0.638581877211338
"ENSG00000142507","PSMB6",119.4,0.527223395340256
"ENSG00000058600","POLR3E",9,0.917931859991394
"ENSG00000138095","LRPPRC",32.5,0.557345554032028
"ENSG00000178209","PLEC",33.3,0.823096351747974
"ENSG00000147853","AK3",39.2,0.762790859970606
"ENSG00000153956","CACNA2D1",6.1,0.539659686858966
"ENSG00000108528","SLC25A11",42,0.504050603053577
"ENSG00000165916","PSMC3",82.1,0.572115627069361
"ENSG00000135940","COX5B",189.7,0.545389780851507
"ENSG00000185973","TMLHE",9,0.677404253390593
"ENSG00000131730","CKMT2",8.8,0.560483601107315
"ENSG00000131269","ABCB7",9.9,0.848852729032876
"ENSG00000160783","PMF1",39.2,0.75895417604352
"ENSG00000213965","NUDT19",5.1,0.766414087047014
"ENSG00000141385","AFG3L2",24.3,0.666629634156637
"ENSG00000033050","ABCF2",15.7,0.679028275982308
"ENSG00000144741","SLC25A26",12.2,0.808851331920712
"ENSG00000107404","DVL1",36.9,0.741997051712527
"ENSG00000171421","MRPL36",36.1,0.674031316776788
"ENSG00000177731","FLII",26.7,0.929073861739721
"ENSG00000178982","EIF3K",170.7,0.814513984236159
"ENSG00000164209","SLC25A46",16.5,0.666056503969951
"ENSG00000177150","FAM210A",5.8,0.542609592798834
"ENSG00000091140","DLD",43.6,0.675357707270033
"ENSG00000183621","ZNF438",5.7,0.766060461715437
"ENSG00000048028","USP28",9.7,0.622176138820631
"ENSG00000265491","RNF115",6.6,0.549145544443919
"ENSG00000181817","LSM10",37.3,0.524014533408694
"ENSG00000022840","RNF10",78.4,0.514356385638831
"ENSG00000099875","MKNK2",55.6,0.569881153426628
"ENSG00000103051","COG4",19.4,0.5612253614743
"ENSG00000154153","RETREG1",13.6,0.523785847777044
"ENSG00000099968","BCL2L13",9.7,0.592659301521962
"ENSG00000232196","MTRNR2L4",10.9,0.72036085214989
"ENSG00000173153","ESRRA",27.2,0.7092454324383
"ENSG00000131791","PRKAB2",11.9,0.647324822710079
"ENSG00000105711","SCN1B",12.4,0.536432465688314
"ENSG00000123124","WWP1",26.1,0.737330282515853
"ENSG00000169564","PCBP1",195.5,0.876363033172564
"ENSG00000116871","MAP7D1",36.3,0.654106550252051
"ENSG00000135424","ITGA7",18.5,0.704703242782189
"ENSG00000131828","PDHA1",70.3,0.533628472419726
"ENSG00000172159","FRMD3",5.8,0.543238768420466
"ENSG00000116604","MEF2D",24.6,0.824650376627717
"ENSG00000104946","TBC1D17",24.5,0.658133138308108
"ENSG00000130706","ADRM1",53.9,0.847816595114231
"ENSG00000117625","RCOR3",17,0.646566152937948
"ENSG00000196850","PPTC7",14.2,0.616790004820516
"ENSG00000150779","TIMM8B",30.8,0.561483892156682
"ENSG00000213639","PPP1CB",82.5,0.726618410534726
"ENSG00000188026","RILPL1",7.5,0.519394841243598
"ENSG00000161011","SQSTM1",193.9,0.832936455896119
"ENSG00000095321","CRAT",23.6,0.655955834147026
"ENSG00000072422","RHOBTB1",7.3,0.77501778473211
"ENSG00000025800","KPNA6",14.6,0.659320647076789
"ENSG00000005882","PDK2",32.8,0.504523855439706
"ENSG00000073578","SDHA",65.5,0.658500898290692
"ENSG00000145191","EIF2B5",15.1,0.859613213758222
"ENSG00000204634","TBC1D8",9.7,0.729121365719047
"ENSG00000130414","NDUFA10",40.7,0.602445415529295
"ENSG00000160124","CCDC58",18.5,0.602356544348419
"ENSG00000070159","PTPN3",5.8,0.670665167788477
"ENSG00000197081","IGF2R",14,1
"ENSG00000166938","DIS3L",8.9,0.5835421950305
"ENSG00000136861","CDK5RAP2",13.1,0.632222835186478
"ENSG00000169957","ZNF768",27.4,0.606300059871173
"ENSG00000138430","OLA1",43.7,0.534518651538577
"ENSG00000112096","SOD2",107.6,0.780679270794404
"ENSG00000116288","PARK7",251.8,0.509404118216227
"ENSG00000145919","BOD1",35.4,0.619546030042638
"ENSG00000122068","FYTTD1",25,0.771880066016345
"ENSG00000197375","SLC22A5",7.2,0.63371456559821
"ENSG00000144306","SCRN3",13.9,0.557470462361369
"ENSG00000149089","APIP",17.7,0.719826498336586
"ENSG00000141030","COPS3",30.1,0.614230488455059
"ENSG00000105220","GPI",99.5,0.672978993935531
"ENSG00000152642","GPD1L",19.9,0.565301574829525
"ENSG00000125656","CLPP",44.2,0.725035148268041
"ENSG00000137094","DNAJB5",16.1,0.562541828583146
"ENSG00000008441","NFIX",37.7,0.734788592188826
"ENSG00000144909","OSBPL11",8.5,0.566279328920669
"ENSG00000172239","PAIP1",55.5,0.574993942258689
"ENSG00000087263","OGFOD1",8.4,0.71694744329043
"ENSG00000156990","RPUSD3",21.9,0.549883502989968
"ENSG00000101266","CSNK2A1",36.3,0.755991822495447
"ENSG00000023734","STRAP",52.3,0.637673164840473
"ENSG00000102763","VWA8",6.3,0.605142941230093
"ENSG00000243147","MRPL33",140.5,0.614874176559065
"ENSG00000180104","EXOC3",22.5,0.861419175256037
"ENSG00000127540","UQCR11",61.4,0.633757341516757
"ENSG00000107372","ZFAND5",109.9,0.69191184042842
"ENSG00000184887","BTBD6",40.3,0.524144920801883
"ENSG00000069998","HDHD5",14.7,0.660512714600065
"ENSG00000005075","POLR2J",59.6,0.518761123217927
"ENSG00000119414","PPP6C",24,0.662673359548795
"ENSG00000166295","ANAPC16",19,0.764314086045917
"ENSG00000187193","MT1X",423.2,0.739040235791884
"ENSG00000173085","COQ2",6.4,0.72061580772839
"ENSG00000107954","NEURL1",5.3,0.552563687398036
"ENSG00000152137","HSPB8",99.5,0.519653244243813
"ENSG00000119471","HSDL2",27.2,0.633692113859268
"ENSG00000185104","FAF1",20.1,0.545632908990789
"ENSG00000196182","STK40",23.8,0.828140284951044
"ENSG00000105204","DYRK1B",7.6,0.718410250278627
"ENSG00000120549","KIAA1217",14.1,0.744476896679618
"ENSG00000165733","BMS1",8.1,0.736870161488494
"ENSG00000240857","RDH14",12.1,0.602962861576513
"ENSG00000066136","NFYC",30.4,0.658817573667845
"ENSG00000176407","KCMF1",33.4,0.740945059677316
"ENSG00000036672","USP2",10.7,0.557169811570314
"ENSG00000173011","TADA2B",11.9,0.726480173976468
"ENSG00000114480","GBE1",14.2,0.801955817619178
"ENSG00000170035","UBE2E3",57.3,0.555589219434491
"ENSG00000197345","MRPL21",50.8,0.513778466202964
"ENSG00000163607","GTPBP8",5.7,0.631453753256655
"ENSG00000269955","FMC1-LUC7L2",12.4,0.886324321212294
"ENSG00000135624","CCT7",112.9,0.584612181045084
"ENSG00000020426","MNAT1",21.2,0.512257314891201
"ENSG00000124523","SIRT5",8.3,0.551838733486324
"ENSG00000198898","CAPZA2",20.7,0.611229285421884
"ENSG00000178397","FAM220A",9.9,0.54786086736587
"ENSG00000108094","CUL2",14,0.648206301120549
"ENSG00000116667","C1orf21",6.8,0.717672216661875
"ENSG00000250479","CHCHD10",143.6,0.577490451262176
"ENSG00000173812","EIF1",255.3,0.775968158940715
"ENSG00000119689","DLST",46,0.661796835156547
"ENSG00000117054","ACADM",30.8,0.608476667876076
"ENSG00000166411","IDH3A",15.6,0.555469797222418
"ENSG00000142784","WDTC1",19.2,0.532628328965221
"ENSG00000158796","DEDD",22.2,0.816197784668639
"ENSG00000143436","MRPL9",29.6,0.712849495465157
"ENSG00000196275","GTF2IRD2",9,0.813198980871105
"ENSG00000099624","ATP5F1D",88,0.762544798858115
"ENSG00000173641","HSPB7",14.1,0.609149953768406
"ENSG00000184489","PTP4A3",14.2,0.719676479937281
"ENSG00000067829","IDH3G",46.5,0.647504610113477
"ENSG00000173442","EHBP1L1",16.7,0.842833130008729
"ENSG00000134905","CARS2",15.5,0.852490979268523
"ENSG00000103264","FBXO31",10.7,0.673955469574143
"ENSG00000259494","MRPL46",20.5,0.56351877531876
"ENSG00000173221","GLRX",49.2,0.741936340553485
"ENSG00000125818","PSMF1",39.1,0.724648766880923
"ENSG00000151366","NDUFC2",121.3,0.717812025669397
"ENSG00000183605","SFXN4",14.1,0.689993964511449
"ENSG00000135018","UBQLN1",47.5,0.589337908729967
"ENSG00000054118","THRAP3",37.7,0.827492755039687
"ENSG00000100519","PSMC6",47.1,0.571055149761477
"ENSG00000138796","HADH",30.6,0.677196745705841
"ENSG00000008838","MED24",28.3,0.853476569802502
"ENSG00000162104","ADCY9",6.3,0.747560893331631
"ENSG00000132522","GPS2",33.6,0.69931960588509
"ENSG00000099795","NDUFB7",169.5,0.622932449027234
"ENSG00000184203","PPP1R2",18.7,0.634272756971587
"ENSG00000159210","SNF8",25,0.582725400307033
"ENSG00000131069","ACSS2",12,0.71253132460431
"ENSG00000182512","GLRX5",37.7,0.526983048046424
"ENSG00000078061","ARAF",35.3,0.83480351296164
"ENSG00000076242","MLH1",15.2,0.761185266560329
"ENSG00000176108","CHMP6",16.4,0.838405899717396
"ENSG00000154174","TOMM70",24.2,0.548499615335655
"ENSG00000100485","SOS2",17.7,0.500488611121901
"ENSG00000164062","APEH",29.8,0.714039629460188
"ENSG00000157500","APPL1",14.4,0.767472475591837
"ENSG00000248098","BCKDHA",30.1,0.5913657292077
"ENSG00000121671","CRY2",26.2,0.511249972745906
"ENSG00000184220","CMSS1",20.5,0.566024189351126
"ENSG00000134375","TIMM17A",34.2,0.500505876402196
"ENSG00000108788","MLX",20.5,0.69080345120939
"ENSG00000156381","ANKRD9",16.1,0.560635705887952
"ENSG00000156502","SUPV3L1",9.3,0.580736617444427
"ENSG00000142864","SERBP1",85.3,0.855181412016781
"ENSG00000136463","TACO1",12.9,0.540682258734705
"ENSG00000167930","FAM234A",41,0.71601408845397
"ENSG00000119729","RHOQ",40.7,0.557940324369612
"ENSG00000112996","MRPS30",10.2,0.785198287752155
"ENSG00000085760","MTIF2",17.8,0.538837834383917
"ENSG00000090621","PABPC4",55.4,0.758614211761928
"ENSG00000146731","CCT6A",55.8,0.581421945255611
"ENSG00000138629","UBL7",30,0.761327219506398
"ENSG00000113013","HSPA9",57,0.814597757397406
"ENSG00000138381","ASNSD1",26.1,0.51739262036332
"ENSG00000103066","PLA2G15",11.5,0.618865820054692
"ENSG00000171861","MRM3",8.5,0.664903761169236
"ENSG00000113916","BCL6",56.4,0.755877909861362
"ENSG00000106153","CHCHD2",270.2,0.529521793324889
"ENSG00000160075","SSU72",95.7,0.566690209780435
"ENSG00000109171","SLAIN2",18.8,0.683830939666039
"ENSG00000101084","RAB5IF",38.9,0.748383766156157
"ENSG00000154518","ATP5MC3",154.5,0.523925960267859
"ENSG00000187079","TEAD1",14.5,0.655866491378981
"ENSG00000162377","COA7",5.2,0.554868462444218
"ENSG00000173065","FAM222B",8.5,0.665344584844432
"ENSG00000119446","RBM18",8.9,0.501308141334588
"ENSG00000254772","EEF1G",1072.2,0.784242505935128
"ENSG00000160712","IL6R",9.1,0.730606349430348
"ENSG00000148335","NTMT1",21.7,0.609143537465875
"ENSG00000105185","PDCD5",81,0.523059605882787
"ENSG00000123297","TSFM",19.7,0.600368261851928
"ENSG00000182196","ARL6IP4",135.6,0.616830701401815
"ENSG00000101608","MYL12A",284.7,0.622734437632555
"ENSG00000104936","DMPK",20.3,0.654102650856079
"ENSG00000085721","RRN3",15.1,0.738086084808762
"ENSG00000100028","SNRPD3",33.5,0.681714362819991
"ENSG00000107959","PITRM1",34.5,0.775571714279589
"ENSG00000102030","NAA10",19.9,0.821261305679278
"ENSG00000109971","HSPA8",524.5,0.522919921019601
"ENSG00000163374","YY1AP1",41.3,0.67776235051793
"ENSG00000174953","DHX36",15,0.776795152564048
"ENSG00000156639","ZFAND3",39.3,0.618109490611281
"ENSG00000262814","MRPL12",39.4,0.632594582574745
"ENSG00000140939","NOL3",35.7,0.588104937062187
"ENSG00000166716","ZNF592",9.2,0.587857779990053
"ENSG00000116237","ICMT",17.2,0.543864933836582
"ENSG00000217930","PAM16",17.8,0.754591234218529
"ENSG00000137055","PLAA",13,0.737473309214444
"ENSG00000160679","CHTOP",49.2,0.571899063379818
"ENSG00000084733","RAB10",48.5,0.636352316951683
"ENSG00000091483","FH",35.3,0.593614664727752
"ENSG00000168827","GFM1",20.9,0.600405756472091
"ENSG00000155792","DEPTOR",13.4,0.658651498383775
"ENSG00000102144","PGK1",111.5,0.568298924612463
"ENSG00000048162","NOP16",16.8,0.711357595869991
"ENSG00000025293","PHF20",11.4,0.575796024073468
"ENSG00000106344","RBM28",10.9,0.791196443286269
"ENSG00000113048","MRPS27",26.1,0.527207771534761
"ENSG00000247596","TWF2",22,0.857188315159336
"ENSG00000132676","DAP3",49.9,0.728206518662824
"ENSG00000258289","CHURC1",37.7,0.636611465035383
"ENSG00000148187","MRRF",14.3,0.675611113637821
"ENSG00000115295","CLIP4",17.6,0.500102208714552
"ENSG00000184983","NDUFA6",18.2,0.576317821979505
"ENSG00000125843","AP5S1",6.2,0.653066011146163
"ENSG00000125733","TRIP10",30.1,0.807294359553905
"ENSG00000119318","RAD23B",43,0.730552948383226
"ENSG00000109906","ZBTB16",14.9,0.688564704526269
"ENSG00000011638","TMEM159",12.2,0.738720735784067
"ENSG00000124486","USP9X",14.9,0.655714578152711
"ENSG00000141568","FOXK2",13.2,0.742189218878164
"ENSG00000204673","AKT1S1",33.4,0.666030011866022
"ENSG00000127922","SEM1",114.6,0.70220964572918
"ENSG00000165516","KLHDC2",16.9,0.694018763391731
"ENSG00000119723","COQ6",11.1,0.566309351023475
"ENSG00000243056","EIF4EBP3",26,0.75498119347002
"ENSG00000014919","COX15",14.6,0.686965073011423
"ENSG00000124275","MTRR",10.3,0.52677160793674
"ENSG00000168256","NKIRAS2",16.5,0.698712382667555
"ENSG00000116353","MECR",6.2,0.793070539112963
"ENSG00000111231","GPN3",16.5,0.62816807735202
"ENSG00000115211","EIF2B4",22,0.559765996389467
"ENSG00000130312","MRPL34",62,0.593841255922623
"ENSG00000097033","SH3GLB1",39.6,0.756263509896159
"ENSG00000154079","SDHAF4",6.9,0.602793751945461
"ENSG00000009780","FAM76A",10.2,0.748521642050591
"ENSG00000006704","GTF2IRD1",8.9,0.640474996950728
"ENSG00000261236","BOP1",9.8,0.83698879917149
"ENSG00000165629","ATP5F1C",124.8,0.537499947077488
"ENSG00000173402","DAG1",28.7,0.571407835137957
"ENSG00000141279","NPEPPS",32.9,0.63804873891059
"ENSG00000162852","CNST",10.6,0.5618167603475
"ENSG00000160294","MCM3AP",14.3,0.790604854166999
"ENSG00000140374","ETFA",42.5,0.581058210239658
"ENSG00000168288","MMADHC",67,0.740142598432855
"ENSG00000135930","EIF4E2",39.1,0.789222880279037
"ENSG00000105341","DMAC2",28.7,0.511940026069643
"ENSG00000116120","FARSB",10.5,0.718466311487644
"ENSG00000114125","RNF7",66.1,0.595086898714206
"ENSG00000215251","FASTKD5",8.3,0.606134645403603
"ENSG00000169727","GPS1",51.9,0.654411311093154
"ENSG00000244754","N4BP2L2",29.4,0.528266118175931
"ENSG00000135723","FHOD1",6,0.812174927152881
"ENSG00000117592","PRDX6",153.5,0.520427187690992
"ENSG00000214022","REPIN1",41,0.646587108230264
"ENSG00000104221","BRF2",7.7,0.767903508235775
"ENSG00000152700","SAR1B",36.2,0.512683623551939
"ENSG00000103064","SLC7A6",6.2,0.754691820726142
"ENSG00000134333","LDHA",151,0.790688627354256
"ENSG00000166855","CLPX",9.4,0.552326625642806
"ENSG00000174903","RAB1B",112.1,0.693672384892967
"ENSG00000167632","TRAPPC9",10.9,0.616818339124062
"ENSG00000107537","PHYH",23.7,0.621857104670752
"ENSG00000141076","UTP4",16.8,0.820967833662734
"ENSG00000141298","SSH2",12.8,0.624614835325913
"ENSG00000132819","RBM38",12.3,0.739540749043907
"ENSG00000136718","IMP4",14.8,0.775942403374872
"ENSG00000082516","GEMIN5",5.5,0.589871577514905
"ENSG00000164164","OTUD4",12.9,0.594735058125869
"ENSG00000007923","DNAJC11",16.9,0.658658129801202
"ENSG00000130811","EIF3G",126.4,0.829636792067633
"ENSG00000162878","PKDCC",6.4,0.78597183149202
"ENSG00000116918","TSNAX",19.6,0.746159591039004
"ENSG00000055070","SZRD1",46.7,0.762792595309352
"ENSG00000185532","PRKG1",5.3,0.51203817649103
"ENSG00000198695","MT-ND6",4239.4,0.583696673193057
"ENSG00000145901","TNIP1",48.3,0.792066642405581
"ENSG00000142599","RERE",33.8,0.812500419045967
"ENSG00000126581","BECN1",39.8,0.645144861808246
"ENSG00000138138","ATAD1",13.9,0.575596862267565
"ENSG00000198815","FOXJ3",17.9,0.615229369697543
"ENSG00000139350","NEDD1",8.3,0.711617072337141
"ENSG00000011485","PPP5C",26.3,0.61445728085083
"ENSG00000171953","ATPAF2",8.8,0.59791427700982
"ENSG00000086102","NFX1",16.7,0.659356426859245
"ENSG00000136111","TBC1D4",12.9,0.654494961656552
"ENSG00000256060","TRAPPC2B",10.7,0.656854824206872
"ENSG00000180891","CUEDC1",19.9,0.560798966201171
"ENSG00000104388","RAB2A",48.8,0.584202641928885
"ENSG00000118246","FASTKD2",12.5,0.731243060969001
"ENSG00000130939","UBE4B",16,0.606313745521292
"ENSG00000120942","UBIAD1",7.2,0.639096086461424
"ENSG00000139990","DCAF5",26.4,0.773665115472563
"ENSG00000168883","USP39",20.8,0.635949392379769
"ENSG00000089154","GCN1",16.5,0.889550817276744
"ENSG00000169756","LIMS1",19.9,0.83498880294534
"ENSG00000183779","ZNF703",13.3,0.721995542286994
"ENSG00000184110","EIF3C",125.5,0.741408463512013
"ENSG00000188549","CCDC9B",12.6,0.552417882492204
"ENSG00000168899","VAMP5",65.1,0.66005009915814
"ENSG00000112561","TFEB",17.2,0.578423669442565
"ENSG00000204370","SDHD",92.4,0.600507943080889
"ENSG00000131558","EXOC4",20.5,0.595000641199596
"ENSG00000107438","PDLIM1",115.8,0.836223156975033
"ENSG00000066697","MSANTD3",10.6,0.565370961543426
"ENSG00000131504","DIAPH1",28.7,0.721264077537645
"ENSG00000168517","HEXIM2",6.6,0.56739703067902
"ENSG00000112759","SLC29A1",22.5,0.752807460169414
"ENSG00000130348","QRSL1",5.9,0.548933455007278
"ENSG00000107929","LARP4B",16,0.686063747103306
"ENSG00000205937","RNPS1",84.7,0.559449460173705
"ENSG00000214941","ZSWIM7",8.1,0.778393965395243
"ENSG00000168286","THAP11",19.8,0.579614758116802
"ENSG00000162889","MAPKAPK2",50.5,0.692771586529314
"ENSG00000196642","RABL6",42.2,0.592606123747607
"ENSG00000008018","PSMB1",153,0.710996914319117
"ENSG00000105221","AKT2",39.3,0.597032251592696
"ENSG00000134686","PHC2",68,0.768405270026863
"ENSG00000175727","MLXIP",22.2,0.82338525364254
"ENSG00000132600","PRMT7",8.4,0.719945262995647
"ENSG00000168273","SMIM4",15.9,0.635360016530375
"ENSG00000142002","DPP9",17.2,0.82377328462589
"ENSG00000103342","GSPT1",42.5,0.730085251618852
"ENSG00000103507","BCKDK",21.9,0.723034037511414
"ENSG00000074603","DPP8",11.2,0.548742444911043
"ENSG00000141552","ANAPC11",90,0.585061755529224
"ENSG00000106628","POLD2",44.8,0.642883959110553
"ENSG00000112855","HARS2",16.2,0.798546746437368
"ENSG00000067704","IARS2",35.6,0.696389868064596
"ENSG00000142684","ZNF593",21.2,0.722079880812884
"ENSG00000115657","ABCB6",6.2,0.727097985437262
"ENSG00000176973","FAM89B",43.4,0.500026500159959
"ENSG00000162032","SPSB3",24.1,0.653718599403434
"ENSG00000132361","CLUH",18.2,0.728891938618412
"ENSG00000114982","KANSL3",9.8,0.838781369204117
"ENSG00000100902","PSMA6",99.6,0.613981419724054
"ENSG00000146859","TMEM140",17,0.680378076192913
"ENSG00000099203","TMED1",19.8,0.76753958848727
"ENSG00000006744","ELAC2",23.3,0.765214094343401
"ENSG00000125977","EIF2S2",42.7,0.624094129575491
"ENSG00000162191","UBXN1",90.2,0.714133308870903
"ENSG00000134049","IER3IP1",11.7,0.686597871877531
"ENSG00000106263","EIF3B",50,0.831943321187301
"ENSG00000164818","DNAAF5",8.1,0.713323787644742
"ENSG00000185627","PSMD13",53.3,0.550820261992386
"ENSG00000165660","ABRAXAS2",9.6,0.666027858092453
"ENSG00000138867","GUCD1",24.3,0.595740019165711
"ENSG00000167969","ECI1",38.9,0.670914724490916
"ENSG00000143252","SDHC",85.3,0.558682425726667
"ENSG00000169857","AVEN",10,0.643476135053423
"ENSG00000174428","GTF2IRD2B",9.8,0.670818879052717
"ENSG00000186350","RXRA",19.6,0.553437491856452
"ENSG00000138757","G3BP2",48.2,0.593815887134705
"ENSG00000107341","UBE2R2",26.1,0.570316809784153
"ENSG00000069431","ABCC9",5.8,0.636324913765014
"ENSG00000197312","DDI2",6.6,0.779469754372712
"ENSG00000108883","EFTUD2",26.7,0.543131340725191
"ENSG00000162139","NEU3",5.3,0.505104075415588
"ENSG00000135334","AKIRIN2",27.9,0.562538197018194
"ENSG00000138073","PREB",42.8,0.558048972861767
"ENSG00000136247","ZDHHC4",22.1,0.6777858593494
"ENSG00000163807","KIAA1143",6.4,0.808086446272785
"ENSG00000120910","PPP3CC",15.2,0.521757591468936
"ENSG00000108639","SYNGR2",76.2,0.765876010815526
"ENSG00000136436","CALCOCO2",69.4,0.691583572897963
"ENSG00000255302","EID1",116.3,0.510366858471565
"ENSG00000005700","IBTK",7.3,0.752660938422747
"ENSG00000068305","MEF2A",23.1,0.511016261694912
"ENSG00000082213","C5orf22",5.4,0.678358336838633
"ENSG00000122547","EEPD1",9.9,0.582979222862445
"ENSG00000115364","MRPL19",25,0.545255772298031
"ENSG00000119138","KLF9",30.8,0.765125189924052
"ENSG00000122140","MRPS2",28.3,0.633433082013121
"ENSG00000180011","ZADH2",19.2,0.570620275490841
"ENSG00000158669","GPAT4",21.9,0.759488062913212
"ENSG00000171503","ETFDH",13.8,0.523783404320257
"ENSG00000164347","GFM2",12,0.504771883613884
"ENSG00000174021","GNG5",97.2,0.780156593055024
"ENSG00000106682","EIF4H",159.1,0.687801589477387
"ENSG00000169764","UGP2",77.8,0.536172862361209
"ENSG00000167799","NUDT8",7.9,0.551496161403174
"ENSG00000167323","STIM1",30.1,0.751264648845532
"ENSG00000134463","ECHDC3",8,0.706039690875339
"ENSG00000122643","NT5C3A",16.1,0.608582614299696
"ENSG00000119673","ACOT2",11.8,0.694197327006213
"ENSG00000139620","KANSL2",11.5,0.686212105775723
"ENSG00000061794","MRPS35",28.9,0.551255294535605
"ENSG00000101457","DNTTIP1",23.3,0.55988402703259
"ENSG00000168890","TMEM150A",11.1,0.727491796580277
"ENSG00000197223","C1D",17.6,0.700257381914216
"ENSG00000182253","SYNM",46.8,0.524215785884945
"ENSG00000138279","ANXA7",64.5,0.548789400122638
"ENSG00000105357","MYH14",18.6,0.552246077029089
"ENSG00000145907","G3BP1",43.4,0.613103115119024
"ENSG00000125457","MIF4GD",18.4,0.758613190783833
"ENSG00000147687","TATDN1",20,0.595291272095458
"ENSG00000005243","COPZ2",19.8,0.727335358228371
"ENSG00000176542","USF3",6.4,0.573114922486346
"ENSG00000166133","RPUSD2",5.9,0.691224262199206
"ENSG00000214706","IFRD2",20.3,0.713338531866591
"ENSG00000123444","KBTBD4",8.4,0.773441885856625
"ENSG00000070010","UFD1",37.1,0.767581272279246
"ENSG00000130021","PUDP",9.4,0.594363931208656
"ENSG00000179041","RRS1",10.8,0.707808995622218
"ENSG00000100296","THOC5",14.3,0.706899758546233
"ENSG00000100612","DHRS7",59.7,0.624727778152081
"ENSG00000137073","UBAP2",12.6,0.621255990377162
"ENSG00000161217","PCYT1A",19.7,0.611809789671323
"ENSG00000035664","DAPK2",6.5,0.561911905914269
"ENSG00000167588","GPD1",7.3,0.619179259249681
"ENSG00000218891","ZNF579",8.9,0.572187510440272
"ENSG00000111237","VPS29",57.5,0.555866263468061
"ENSG00000132383","RPA1",19.5,0.631874679990279
"ENSG00000164022","AIMP1",33.4,0.654394925397315
"ENSG00000276045","ORAI1",7.6,0.740441245792447
"ENSG00000067248","DHX29",9.9,0.755628929590912
"ENSG00000012822","CALCOCO1",89,0.61911883323298
"ENSG00000170525","PFKFB3",40.6,0.580752428593498
"ENSG00000076555","ACACB",12.1,0.634181720513442
"ENSG00000134717","BTF3L4",34.6,0.555001478407222
"ENSG00000161204","ABCF3",16.3,0.663689647092116
"ENSG00000012061","ERCC1",40.6,0.581746744254086
"ENSG00000167182","SP2",13.7,0.668740065119917
"ENSG00000137764","MAP2K5",10.6,0.626181140188184
"ENSG00000139726","DENR",24.4,0.63554660067903
"ENSG00000167693","NXN",13.9,0.700054671178235
"ENSG00000164828","SUN1",39.2,0.676951481124708
"ENSG00000100567","PSMA3",64.3,0.605159806056094
"ENSG00000169372","CRADD",10.5,0.538844483990585
"ENSG00000122085","MTERF4",17.6,0.641680533513402
"ENSG00000089195","TRMT6",6.1,0.605921133592171
"ENSG00000175768","TOMM5",71.9,0.502622192472493
"ENSG00000176209","SMIM19",37.8,0.579984251125537
"ENSG00000111667","USP5",26.3,0.529077978705763
"ENSG00000150907","FOXO1",13.1,0.732345450348675
"ENSG00000107581","EIF3A",57.9,0.758547874969502
"ENSG00000168763","CNNM3",9,0.627643898507052
"ENSG00000136758","YME1L1",48.8,0.737754354673086
"ENSG00000124562","SNRPC",74.1,0.504683347434817
"ENSG00000134001","EIF2S1",21.7,0.650183964197555
"ENSG00000110048","OSBP",21.4,0.66670213242625
"ENSG00000156831","NSMCE2",16.1,0.622130228344805
"ENSG00000130204","TOMM40",28.1,0.564522752000401
"ENSG00000146278","PNRC1",101.2,0.748646969533434
"ENSG00000129084","PSMA1",80.3,0.643783061634125
"ENSG00000009844","VTA1",23.4,0.58361252594802
"ENSG00000198947","DMD",11.1,0.504357696168612
"ENSG00000161671","EMC10",31.4,0.634769648680572
"ENSG00000124541","RRP36",25.8,0.763505358936278
"ENSG00000174173","TRMT10C",12.8,0.650757410072101
"ENSG00000104872","PIH1D1",34.8,0.67580877476911
"ENSG00000075413","MARK3",29.5,0.773095097487518
"ENSG00000100462","PRMT5",29.4,0.707240568108007
"ENSG00000186532","SMYD4",5.9,0.684137714345653
"ENSG00000080845","DLGAP4",34.5,0.754840022299799
"ENSG00000277791","PSMB3",86.9,0.715109343163881
"ENSG00000157106","SMG1",13.8,0.519369831551291
"ENSG00000103642","LACTB",10,0.620870585605448
"ENSG00000104904","OAZ1",143.7,0.732917597552116
"ENSG00000108591","DRG2",16.1,0.776732605410713
"ENSG00000065970","FOXJ2",10,0.691881422652839
"ENSG00000107854","TNKS2",20,0.632589059953148
"ENSG00000151413","NUBPL",5.4,0.502606741403255
"ENSG00000075914","EXOSC7",16.1,0.697005841705993
"ENSG00000065029","ZNF76",18.4,0.582230996708425
"ENSG00000145982","FARS2",9.6,0.613204333734388
"ENSG00000163811","WDR43",13,0.714783133140117
"ENSG00000247077","PGAM5",12.5,0.550536146357897
"ENSG00000243317","STMP1",19.4,0.541122324591053
"ENSG00000165672","PRDX3",105.9,0.528881078789138
"ENSG00000102738","MRPS31",13.9,0.574957353240646
"ENSG00000101421","CHMP4B",99,0.565067429350805
"ENSG00000116717","GADD45A",31.1,0.706147934451373
"ENSG00000172939","OXSR1",15.7,0.632146100611627
"ENSG00000186187","ZNRF1",17.8,0.553237649966296
"ENSG00000006062","MAP3K14",6,0.713197377948234
"ENSG00000117859","OSBPL9",25.8,0.526097902810018
"ENSG00000198363","ASPH",66.2,0.532754743562245
"ENSG00000166272","WBP1L",23.6,0.634068551935141
"ENSG00000148730","EIF4EBP2",28.4,0.615813246963645
"ENSG00000131467","PSME3",39.3,0.677483491944985
"ENSG00000089053","ANAPC5",41.9,0.686396753805318
"ENSG00000168300","PCMTD1",29,0.672738070835834
"ENSG00000106028","SSBP1",81.6,0.543383131846416
"ENSG00000106049","HIBADH",28.7,0.540428011590812
"ENSG00000091527","CDV3",65,0.666409611353483
"ENSG00000101391","CDK5RAP1",9.1,0.617602181112591
"ENSG00000162980","ARL5A",17.6,0.512299042920925
"ENSG00000086504","MRPL28",39.9,0.523039853777971
"ENSG00000112578","BYSL",6.7,0.643039936228646
"ENSG00000137393","RNF144B",8.6,0.612833132558549
"ENSG00000155090","KLF10",30.2,0.720409263541041
"ENSG00000160688","FLAD1",19.9,0.569816350965056
"ENSG00000113448","PDE4D",7.5,0.502290921039119
"ENSG00000104756","KCTD9",13,0.559485368715648
"ENSG00000166199","ALKBH3",17,0.501417798678205
"ENSG00000122591","FAM126A",6.9,0.64033044720247
"ENSG00000100908","EMC9",10.5,0.608433857269347
"ENSG00000129933","MAU2",16.6,0.545287591320238
"ENSG00000170906","NDUFA3",24.6,0.659701973647321
"ENSG00000053254","FOXN3",23.8,0.535095082674633
"ENSG00000081791","DELE1",33.1,0.719382278025022
"ENSG00000188215","DCUN1D3",5.2,0.701519832617615
"ENSG00000156026","MCU",6.1,0.527998168923265
"ENSG00000115216","NRBP1",52.3,0.688491842630292
"ENSG00000149136","SSRP1",53,0.715913142292685
"ENSG00000130770","ATP5IF1",114,0.525947115330728
"ENSG00000108509","CAMTA2",14.3,0.579276039746071
"ENSG00000188559","RALGAPA2",9.7,0.700866849923117
"ENSG00000107185","RGP1",8.7,0.580153107778807
"ENSG00000099260","PALMD",12.2,0.639970658629785
"ENSG00000182552","RWDD4",12.3,0.60737826654446
"ENSG00000148719","DNAJB12",21.3,0.722256424803973
"ENSG00000135040","NAA35",8.5,0.536686858776327
"ENSG00000175203","DCTN2",78.8,0.505521085033765
"ENSG00000108443","RPS6KB1",10.7,0.677123736420126
"ENSG00000087269","NOP14",12.5,0.79500237110277
"ENSG00000145996","CDKAL1",5.9,0.584397377586859
"ENSG00000128708","HAT1",26,0.648099062761021
"ENSG00000198837","DENND4B",13,0.679616946987943
"ENSG00000145390","USP53",10.3,0.584492684434225
"ENSG00000167085","PHB",53.1,0.650630307162039
"ENSG00000107020","PLGRKT",15.9,0.573562932859366
"ENSG00000153113","CAST",84.5,0.656145656095626
"ENSG00000167703","SLC43A2",6.1,0.68634221409428
"ENSG00000197043","ANXA6",136.5,0.509760378639671
"ENSG00000188493","C19orf54",6.5,0.500222617251233
"ENSG00000108588","CCDC47",47.3,0.6394512327277
"ENSG00000166200","COPS2",43.7,0.54642382326469
"ENSG00000118689","FOXO3",19.3,0.609183231995902
"ENSG00000133028","SCO1",12,0.624211050367682
"ENSG00000163608","NEPRO",6.8,0.544287357980632
"ENSG00000125037","EMC3",31.1,0.568948341048631
"ENSG00000101844","ATG4A",7.8,0.58735970634655
"ENSG00000115459","ELMOD3",6.3,0.517692772684003
"ENSG00000113328","CCNG1",49.4,0.620951177316011
"ENSG00000131368","MRPS25",20.2,0.562437807412689
"ENSG00000121749","TBC1D15",18,0.722404629045407
"ENSG00000123064","DDX54",17.2,0.775028796226357
"ENSG00000173674","EIF1AX",42.4,0.682373407573694
"ENSG00000146281","PM20D2",8.6,0.57977037246484
"ENSG00000120029","ARMH3",10.5,0.578566991095051
"ENSG00000047346","FAM214A",15.4,0.602252177054848
"ENSG00000166949","SMAD3",18.9,0.610615362733934
"ENSG00000148688","RPP30",14.3,0.612811498418714
"ENSG00000179912","R3HDM2",19.5,0.599351788274062
"ENSG00000100239","PPP6R2",24.1,0.552521142568707
"ENSG00000041357","PSMA4",86.5,0.612819942443057
"ENSG00000116750","UCHL5",19.2,0.510255678135784
"ENSG00000087302","RTRAF",71.7,0.593949549230732
"ENSG00000187098","MITF",8.6,0.517366126310966
"ENSG00000105364","MRPL4",33.4,0.587608214929148
"ENSG00000115761","NOL10",10,0.692382200377219
"ENSG00000007202","KIAA0100",27.7,0.564493644850014
"ENSG00000123992","DNPEP",22.8,0.597228534284389
"ENSG00000153786","ZDHHC7",27.4,0.678144726077983
"ENSG00000157538","VPS26C",17.6,0.549990727052227
"ENSG00000187118","CMC1",9.2,0.528002746364717
"ENSG00000130985","UBA1",101.9,0.649572679080156
"ENSG00000119401","TRIM32",6.3,0.539281977590766
"ENSG00000150347","ARID5B",14.3,0.725726910790194
"ENSG00000107937","GTPBP4",9.6,0.520186783672354
"ENSG00000096401","CDC5L",10.6,0.503827236308701
"ENSG00000116984","MTR",7.7,0.54807828081866
"ENSG00000257103","LSM14A",36.7,0.611844170346311
"ENSG00000152601","MBNL1",40.9,0.629972843324782
"ENSG00000117133","RPF1",21.8,0.668749109650021
"ENSG00000104973","MED25",21.2,0.657243167888239
"ENSG00000168386","FILIP1L",24.2,0.612135856435249
"ENSG00000144034","TPRKB",25.3,0.577262429923409
"ENSG00000134697","GNL2",21.1,0.679577304182909
"ENSG00000265241","RBM8A",69.4,0.644908670422513
"ENSG00000196923","PDLIM7",37.9,0.640999854093713
"ENSG00000047315","POLR2B",31.3,0.612490144530661
"ENSG00000196510","ANAPC7",16.3,0.548921686127987
"ENSG00000082515","MRPL22",23.5,0.500598050184148
"ENSG00000105671","DDX49",15.4,0.542213654119533
"ENSG00000139370","SLC15A4",7.8,0.525726292820618
"ENSG00000131196","NFATC1",7.1,0.565805323279839
"ENSG00000162851","TFB2M",8.9,0.581149936171213
"ENSG00000112715","VEGFA",41.3,0.537479247490854
"ENSG00000120948","TARDBP",86.6,0.573796409075813
"ENSG00000128908","INO80",7.8,0.650627386400517
"ENSG00000244687","UBE2V1",55.7,0.517346824419255
"ENSG00000122783","CYREN",16.3,0.603569144618337
"ENSG00000124383","MPHOSPH10",19.4,0.529999577779337
"ENSG00000168894","RNF181",93.8,0.536091712544475
"ENSG00000133393","CEP20",14,0.61170735777445
"ENSG00000151093","OXSM",6,0.501542703137748
"ENSG00000136153","LMO7",15.9,0.501276483811399
"ENSG00000148290","SURF1",33.3,0.521168125999207
"ENSG00000213782","DDX47",26.6,0.50087839742246
"ENSG00000109111","SUPT6H",28,0.598592266531376
"ENSG00000115561","CHMP3",53.3,0.524286125250043
"ENSG00000198060","MARCHF5",10.8,0.515833215081945
"ENSG00000004455","AK2",68.9,0.566452487717424
"ENSG00000196419","XRCC6",143.3,0.64451853907077
"ENSG00000136273","HUS1",5.8,0.578984600622213
"ENSG00000146223","RPL7L1",30.2,0.516040855803991
"ENSG00000101161","PRPF6",36.7,0.516926843471506
"ENSG00000100320","RBFOX2",23.9,0.569772436417193
"ENSG00000121940","CLCC1",13.5,0.51889928778398
"ENSG00000115649","CNPPD1",49.7,0.515976240867338
"ENSG00000145833","DDX46",16.9,0.652354646926369
"ENSG00000144791","LIMD1",6.5,0.6298786574847
"ENSG00000143337","TOR1AIP1",31.6,0.505609080605064
"ENSG00000088448","ANKRD10",77.5,0.501179556475448
"ENSG00000141646","SMAD4",14.2,0.538240992495069
"ENSG00000170515","PA2G4",64.5,0.558075239279084
"ENSG00000167657","DAPK3",30.7,0.677239465247282
"ENSG00000155393","HEATR3",5.1,0.679655260109619
"ENSG00000170776","AKAP13",25.9,0.589023181176294
"ENSG00000141232","TOB1",48.5,0.524261191463763
"ENSG00000173757","STAT5B",31,0.575711521384684
"ENSG00000120533","ENY2",44,0.531894493059285
"ENSG00000125970","RALY",91.2,0.556540314845361
"ENSG00000010803","SCMH1",20.7,0.521252535169268
"ENSG00000172493","AFF1",19.7,0.51491636096374
"ENSG00000121440","PDZRN3",15.5,0.549861108948983
"ENSG00000130640","TUBGCP2",17.3,0.535087322470094
"ENSG00000120913","PDLIM2",46.4,0.626815013501369
"ENSG00000160799","CCDC12",40,0.522706912449349
"ENSG00000157020","SEC13",61.7,0.55449914740938
"ENSG00000270647","TAF15",63.6,0.518163528914361
"ENSG00000115053","NCL",170.4,0.536085276916048
"ENSG00000117505","DR1",19,0.509664008549643
"ENSG00000146477","SLC22A3",5.7,0.530209996624938
